AccessTblNm,AccessFldNm,ForeignKey,ForeignKeyBaseField,RelationName
ADDRESSES,c_addr_id,ADDR_CODES,c_addr_id,ADDR_CODESADDRESSES
ADDR_BELONGS_DATA,c_addr_id,ADDR_CODES,c_addr_id,ADDR_CODESADDR_BELONGS_DATA
ADDR_BELONGS_DATA,c_belongs_to,ADDR_CODES,c_addr_id,ADDR_CODESADDR_BELONGS_DATA1
ADDR_CODES,c_admin_cat_code,ADMIN_CAT_CODES,c_admin_cat_code,ADDR_CODES_ADMIN_CAT_CODE
ALTNAME_DATA,c_alt_name_type_code,ALTNAME_CODES,c_name_type_code,ALTNAME_CODESALTNAME_DATA
ALTNAME_DATA,c_personid,BIOG_MAIN,c_personid,BIOG_MAINFIX_ALTNAMES
ALTNAME_DATA,c_source,TEXT_CODES,c_textid,TEXT_CODESALTNAME_DATA
ASSOC_CODES,c_assoc_pair,ASSOC_CODES,c_assoc_code,ASSOC_CODESASSOC_CODES
ASSOC_CODES,c_assoc_pair2,ASSOC_CODES,c_assoc_code,ASSOC_CODESASSOC_CODES1
ASSOC_CODES,c_assoc_pair2,ASSOC_CODES,c_assoc_code,ASSOC_CODESASSOC_CODES2
ASSOC_CODE_TYPE_REL,c_assoc_code,ASSOC_CODES,c_assoc_code,ASSOC_CODESASSOC_CODE_TYPE_REL
ASSOC_CODE_TYPE_REL,c_assoc_code,ASSOC_CODES,c_assoc_code,ASSOC_CODESASSOC_CODE_TYPE_REL1
ASSOC_CODE_TYPE_REL,c_assoc_code,ASSOC_CODES,c_assoc_code,ASSOC_CODESASSOC_CODE_TYPE_REL2
ASSOC_CODE_TYPE_REL,c_assoc_type_code,ASSOC_TYPES,c_assoc_type_code,ASSOC TYPESASSOC CODE_TYPE REL
Assoc_data,c_addr_id,ADDR_CODES,c_addr_id,ADDR_CODESAssoc_data1
Assoc_data,c_assoc_claimer_id,BIOG_MAIN,c_personid,BIOG_MAINAssoc_data2
Assoc_data,c_assoc_claimer_id,BIOG_MAIN,c_personid,BIOG_MAINAssoc_data5
Assoc_data,c_assoc_code,ASSOC_CODES,c_assoc_code,ASSOC_CODESAssoc_data
Assoc_data,c_assoc_fy_day_gz,GANZHI_CODES,c_ganzhi_code,GANZHI_CODESAssoc_data
Assoc_data,c_assoc_fy_nh_code,NIAN_HAO,c_nianhao_id,NIAN_HAOAssoc_data
Assoc_data,c_assoc_fy_range,YEAR_RANGE_CODES,c_range_code,YEAR_RANGE_CODESAssoc_data
Assoc_data,c_assoc_id,BIOG_MAIN,c_personid,BIOG_MAINAssoc_data3
Assoc_data,c_assoc_kin_code,KINSHIP_CODES,c_kincode,KINSHIP_CODESAssoc_data1
Assoc_data,c_assoc_kin_id,BIOG_MAIN,c_personid,BIOG_MAINAssoc_data6
Assoc_data,c_kin_code,KINSHIP_CODES,c_kincode,KINSHIP_CODESAssoc_data
Assoc_data,c_kin_id,BIOG_MAIN,c_personid,BIOG_MAINAssoc_data1
Assoc_data,c_litgenre_code,LITERARYGENRE_CODES,c_lit_genre_code,LITERARYGENRE_CODESAssoc_data
Assoc_data,c_occasion_code,OCCASION_CODES,c_occasion_code,OCCASION_CODESAssoc_data
ASSOC_DATA,c_personid,BIOG_MAIN,c_personid,BIOG_MAINAssoc_data
Assoc_data,c_source,TEXT_CODES,c_textid,TEXT_CODESAssoc_data1
Assoc_data,c_tertiary_personid,BIOG_MAIN,c_personid,BIOG_MAINAssoc_data4
Assoc_data,c_topic_code,ScholarlyTopic_CODES,c_topic_code,ScholarlyTopic_CODESAssoc_data
ASSOC_TYPES,c_assoc_type_parent_id,ASSOC_TYPES,c_assoc_type_code,ASSOC_TYPESASSOC_TYPES
BIOG_ADDR_DATA,c_addr_type,BIOG_ADDR_CODES,c_addr_type,BIOG_ADDR_CODESBIOG_ADDR_DATA
BIOG_INST_DATA,c_bi_by_nh_code,NIAN_HAO,c_nianhao_id,NIAN_HAOBIOG_INST_DATA2
BIOG_INST_DATA,c_bi_by_range,YEAR_RANGE_CODES,c_range_code,YEAR_RANGE_CODESBIOG_INST_DATA
BIOG_INST_DATA,c_bi_ey_nh_code,NIAN_HAO,c_nianhao_id,NIAN_HAOBIOG_INST_DATA
BIOG_INST_DATA,c_bi_ey_range,YEAR_RANGE_CODES,c_range_code,YEAR_RANGE_CODESBIOG_INST_DATA1
BIOG_INST_DATA,c_bi_role_code,BIOG_INST_CODES,c_bi_role_code,BIOG_INST_CODESBIOG_INST_DATA
BIOG_INST_DATA,c_personid,BIOG_MAIN,c_personid,BIOG_MAINBIOG_INST_DATA
BIOG_INST_DATA,c_source,TEXT_CODES,c_textid,TEXT_CODESBIOG_INST_DATA1
BIOG_MAIN,c_by_day_gz,GANZHI_CODES,c_ganzhi_code,GANZHI_CODESBIOG_MAIN
BIOG_MAIN,c_by_nh_code,NIAN_HAO,c_nianhao_id,NIAN_HAOBIOG_MAIN
BIOG_MAIN,c_by_range,YEAR_RANGE_CODES,c_range_code,YEAR_RANGE_CODESBIOG_MAIN
BIOG_MAIN,c_choronym_code,CHORONYM_CODES,c_choronym_code,CHORONYM_CODESBIOG_MAIN
BIOG_MAIN,c_dy,DYNASTIES,c_dy,DYNASTIESBIOG_MAIN
BIOG_MAIN,c_dy_day_gz,GANZHI_CODES,c_ganzhi_code,GANZHI_CODESBIOG_MAIN1
BIOG_MAIN,c_dy_nh_code,NIAN_HAO,c_nianhao_id,NIAN_HAOBIOG_MAIN1
BIOG_MAIN,c_dy_range,YEAR_RANGE_CODES,c_range_code,YEAR_RANGE_CODESBIOG_MAIN1
BIOG_MAIN,c_ethnicity_code,ETHNICITY_TRIBE_CODES,c_ethnicity_code,ETHNICITY_TRIBE_CODESBIOG_MAIN
BIOG_MAIN,c_fl_ey_nh_code,NIAN_HAO,c_nianhao_id,NIAN_HAOBIOG_MAIN2
BIOG_MAIN,c_fl_ly_nh_code,NIAN_HAO,c_nianhao_id,NIAN_HAOBIOG_MAIN3
BIOG_MAIN,c_household_status_code,HOUSEHOLD_STATUS_CODES,c_household_status_code,HOUSEHOLD_STATUS_CODESBIOG_MAIN
BIOG_SOURCE_DATA,c_personid,BIOG_MAIN,c_personid,BIOG_MAINBIOG_SOURCE_DATA
BIOG_SOURCE_DATA,c_textid,TEXT_CODES,c_textid,TEXT_CODESBIOG_SOURCE_DATA
BIOG_TEXT_DATA,c_nh_code,NIAN_HAO,c_nianhao_id,BIOG_TEXT_DATA_NIAN_HAO
BIOG_TEXT_DATA,c_personid,BIOG_MAIN,c_personid,BIOG_TEXT_DATA_PERSON_ID
BIOG_TEXT_DATA,c_range_code,YEAR_RANGE_CODES,c_range_code,BIOG_TEXT_DATA_YEAR_RANGE_CODE
BIOG_TEXT_DATA,c_role_id,TEXT_ROLE_CODES,c_role_id,BIOG_TEXT_DATA_TEXT_ROLE_CODE
BIOG_TEXT_DATA,c_source,TEXT_CODES,c_textid,BIOG_TEXT_DATA_SOURCE_TEXT_ID
BIOG_TEXT_DATA,c_textid,TEXT_CODES,c_textid,BIOG_TEXT_DATA_TEXT_ID
ENTRY_CODE_TYPE_REL,c_entry_code,ENTRY_CODES,c_entry_code,ENTRY_CODESENTRY_CODE_TYPE_REL
ENTRY_CODE_TYPE_REL,c_entry_type,ENTRY_TYPES,c_entry_type,ENTRY TYPESENTRY CODE_TYPE REL
ENTRY_DATA,c_assoc_code,ASSOC_CODES,c_assoc_code,ASSOC_CODESENTRY_DATA
ENTRY_DATA,c_assoc_id,BIOG_MAIN,c_personid,BIOG_MAINENTRY_DATA2
ENTRY_DATA,c_entry_addr_id,ADDR_CODES,c_addr_id,ADDR_CODESENTRY_DATA1
ENTRY_DATA,c_entry_code,ENTRY_CODES,c_entry_code,ENTRY_CODESENTRY_DATA
ENTRY_DATA,c_entry_nh_id,NIAN_HAO,c_nianhao_id,NIAN_HAOENTRY_DATA
ENTRY_DATA,c_entry_range,YEAR_RANGE_CODES,c_range_code,YEAR_RANGE_CODESENTRY_DATA
ENTRY_DATA,c_kin_code,KINSHIP_CODES,c_kincode,KINSHIP_CODESENTRY_DATA
ENTRY_DATA,c_kin_id,BIOG_MAIN,c_personid,BIOG_MAINENTRY_DATA1
ENTRY_DATA,c_parental_status_code,PARENTAL_STATUS_CODES,c_parental_status_code,PARENTAL_STATUS_CODESENTRY_DATA
ENTRY_DATA,c_personid,BIOG_MAIN,c_personid,BIOG_MAINENTRY_DATA
ENTRY_DATA,c_source,TEXT_CODES,c_textid,TEXT_CODESENTRY_DATA1
EVENTS_ADDR,c_addr_id,ADDR_CODES,c_addr_id,ADDR_CODESEVENTS_ADDR1
EVENTS_ADDR,c_day_ganzhi,GANZHI_CODES,c_ganzhi_code,GANZHI_CODESEVENTS_ADDR
EVENTS_ADDR,c_nh_code,NIAN_HAO,c_nianhao_id,NIAN_HAOEVENTS_ADDR1
EVENTS_ADDR,c_yr_range,YEAR_RANGE_CODES,c_range_code,YEAR_RANGE_CODESEVENTS_ADDR
EVENTS_DATA,c_addr_id,ADDR_CODES,c_addr_id,ADDR_CODESEVENTS_DATA1
EVENTS_DATA,c_day_ganzhi,GANZHI_CODES,c_ganzhi_code,GANZHI_CODESEVENTS_DATA
EVENTS_DATA,c_event_code,EVENT_CODES,c_event_code,{72298816-55AB-451B-8234-50B7C7938CA3}
EVENTS_DATA,c_event_code,EVENTS_ADDR,c_event_code,EVENTS_ADDREVENTS_DATA
EVENTS_DATA,c_nh_code,NIAN_HAO,c_nianhao_id,NIAN_HAOEVENTS_DATA1
EVENTS_DATA,c_personid,BIOG_MAIN,c_personid,BIOG_MAINEVENTS_DATA
EVENTS_DATA,c_personid,EVENTS_ADDR,c_personid,EVENTS_ADDREVENTS_DATA
EVENTS_DATA,c_sequence,EVENTS_ADDR,c_sequence,EVENTS_ADDREVENTS_DATA
EVENTS_DATA,c_source,TEXT_CODES,c_textid,TEXT_CODESEVENTS_DATA1
EVENTS_DATA,c_yr_range,YEAR_RANGE_CODES,c_range_code,YEAR_RANGE_CODESEVENTS_DATA
EVENT_CODES,c_addr_id,ADDR_CODES,c_addr_id,ADDR_CODESEVENT_CODES1
EVENT_CODES,c_dy,DYNASTIES,c_dy,DYNASTIESEVENT_CODES
EVENT_CODES,c_fy_nh_code,NIAN_HAO,c_nianhao_id,NIAN_HAOEVENT_CODES
EVENT_CODES,c_fy_range,YEAR_RANGE_CODES,c_range_code,YEAR_RANGE_CODESEVENT_CODES
EVENT_CODES,c_ly_nh_code,NIAN_HAO,c_nianhao_id,NIAN_HAOEVENT_CODES1
EVENT_CODES,c_ly_range,YEAR_RANGE_CODES,c_range_code,YEAR_RANGE_CODESEVENT_CODES1
EVENT_CODES,c_source,TEXT_CODES,c_textid,TEXT_CODESEVENT_CODES1
kinship_codes,c_kin_pair1,KINSHIP_CODES,c_kincode,KINSHIP_CODES_KIN_PAIR1
KINSHIP_CODES,c_kin_pair1,KINSHIP_CODES,c_kincode,KINSHIP_CODESKINSHIP_CODES
kinship_codes,c_kin_pair2,KINSHIP_CODES,c_kincode,KINSHIP_CODES_KIN_PAIR2
KINSHIP_CODES,c_kin_pair2,KINSHIP_CODES,c_kincode,KINSHIP_CODESKINSHIP_CODES1
kin_data,c_kin_code,KINSHIP_CODES,c_kincode,KIN_DATA_KIN_CODES
KIN_DATA,c_kin_code,KINSHIP_CODES,c_kincode,KINSHIP_CODESKIN_DATA
KIN_DATA,c_kin_id,BIOG_MAIN,c_personid,BIOG_MAINKIN_DATA1
kin_data,c_kin_id,BIOG_MAIN,c_personid,KIN_DATA_KIN_ID
KIN_DATA,c_personid,BIOG_MAIN,c_personid,BIOG_MAINKIN_DATA
kin_data,c_personid,BIOG_MAIN,c_personid,KIN_DATA_PERSON_ID
kin_data,c_source,TEXT_CODES,c_textid,KIN_DATA_SOURCE_TEXT_CODES
KIN_DATA,c_source,TEXT_CODES,c_textid,TEXT_CODESKIN_DATA1
MERGED_PERSON_DATA,c_source,TEXT_CODES,c_textid,MERGED_PERSON_SOURCE
NIAN_HAO,c_dy,DYNASTIES,c_dy,DYNASTIESNIAN_HAO
nian_hao,c_dy,dynasties,c_dy,dynasty
OFFICE_CODES,c_dy,DYNASTIES,c_dy,DYNASTIESOFFICE_CODES1
office_codes,c_dy,dynasties,c_dy,OFFICE_CODES_dynasty
office_codes,c_source,TEXT_CODES,c_textid,OFFICE_CODES_SOURCE_TEXT_CODES
OFFICE_CODES,c_source,TEXT_CODES,c_textid,TEXT_CODESOFFICE_CODES1
OFFICE_CODE_TYPE_REL,c_office_id,OFFICE_CODES,c_office_id,OFFICE_CODE_TYPE_REL_OFFICE_ID
OFFICE_CODE_TYPE_REL,c_office_id,OFFICE_CODES,c_office_id,OFFICE_CODESOFFICE_CODE_TYPE_REL
OFFICE_CODE_TYPE_REL,c_office_tree_id,OFFICE_TYPE_TREE,c_office_type_node_id,OFFICE_CODE_TYPE_REL_OFFICE_TYPE_TREE
OFFICE_CODE_TYPE_REL,c_office_tree_id,OFFICE_TYPE_TREE,c_office_type_node_id,OFFICE_TYPE_TREEOFFICE_CODE_TYPE_REL
OFFICE_TYPE_TREE,c_parent_id,OFFICE_TYPE_TREE,c_office_type_node_id,OFFICE_TYPE_TREE_PARENT
possession_addr,c_addr_id,ADDR_CODES,c_addr_id,POSSESSION_ADDR_ADDR_ID
possession_addr,c_personid,BIOG_MAIN,c_personid,POSSESSION_ADDR_PERSON_ID
possession_addr,c_possession_record_id,possession_data,c_possession_record_id,POSSESSION_ADDR_possession_id
POSSESSION_DATA,c_addr_id,ADDR_CODES,c_addr_id,ADDR_CODESPOSSESSION_DATA1
possession_data,c_addr_id,ADDR_CODES,c_addr_id,POSSESSION_DATA_ADDR_ID
POSSESSION_DATA,c_measure_code,MEASURE_CODES,c_measure_code,MEASURE_CODESPOSSESSION_DATA
possession_data,c_measure_code,MEASURE_CODES,c_measure_code,POSSESSION_DATA_MEASURE_CODE
POSSESSION_DATA,c_personid,BIOG_MAIN,c_personid,BIOG_MAINPOSSESSION_DATA
possession_data,c_personid,BIOG_MAIN,c_personid,POSSESSION_DATA_PERSON_ID
POSSESSION_DATA,c_possession_act_code,POSSESSION_ACT_CODES,c_possession_act_code,POSSESSION_ACT_CODESPOSSESSION_DATA
possession_data,c_possession_act_code,possession_act_codes,c_possession_act_code,POSSESSION_DATA_possession_act_code
POSSESSION_DATA,c_possession_nh_code,NIAN_HAO,c_nianhao_id,NIAN_HAOPOSSESSION_DATA
possession_data,c_possession_nh_code,nian_hao,c_nianhao_id,POSSESSION_DATA_nian_hao
possession_data,c_possession_yr_range,year_range_codes,c_range_code,POSSESSION_DATA_year_range_code
POSSESSION_DATA,c_possession_yr_range,YEAR_RANGE_CODES,c_range_code,YEAR_RANGE_CODESPOSSESSION_DATA
possession_data,c_source,TEXT_CODES,c_textid,POSSESSION_DATA_SOURCE_TEXT_CODE
POSSESSION_DATA,c_source,TEXT_CODES,c_textid,TEXT_CODESPOSSESSION_DATA1
POSTED_TO_ADDR_DATA,c_addr_id,ADDR_CODES,c_addr_id,ADDR_CODESPOSTED_TO_ADDR_DATA1
POSTED_TO_ADDR_DATA,c_addr_id,ADDR_CODES,c_addr_id,POSTED_TO_ADDR_DATA_ADDR_ID
POSTED_TO_ADDR_DATA,c_office_id,OFFICE_CODES,c_office_id,POSTED_TO_ADDR_DATA_OFFICE_ID
POSTED_TO_ADDR_DATA,c_personid,BIOG_MAIN,c_personid,POSTED_TO_ADDR_DATA_PERSON_ID
POSTED_TO_ADDR_DATA,c_posting_id,POSTING_DATA,c_posting_id,POSTED_TO_ADDR_DATA_POSTING_ID
POSTED_TO_OFFICE_DATA,c_appt_code,APPOINTMENT_CODES,c_appt_code,POSTED_TO_OFFICE_DATA_appointment_code
POSTED_TO_OFFICE_DATA,c_assume_office_code,assume_office_codes,c_assume_office_code,POSTED_TO_OFFICE_DATA_assume_office_code
POSTED_TO_OFFICE_DATA,c_dy,dynasties,c_dy,POSTED_TO_OFFICE_DATA_dynasty
POSTED_TO_OFFICE_DATA,c_fy_day_gz,GANZHI_CODES,c_ganzhi_code,POSTED_TO_OFFICE_DATA_GANZHI_FY_DAY
POSTED_TO_OFFICE_DATA,c_fy_nh_code,nian_hao,c_nianhao_id,POSTED_TO_OFFICE_DATA_nian_hao_fy
POSTED_TO_OFFICE_DATA,c_fy_range,year_range_codes,c_range_code,POSTED_TO_OFFICE_DATA_year_range_fy
POSTED_TO_OFFICE_DATA,c_inst_code,SOCIAL_INSTITUTION_CODES,c_inst_code,POSTED_TO_OFFICE_DATA_SOCIAL_INSTITUTION_CODE
POSTED_TO_OFFICE_DATA,c_inst_name_code,SOCIAL_INSTITUTION_CODES,c_inst_name_code,POSTED_TO_OFFICE_DATA_SOCIAL_INSTITUTION_CODE
POSTED_TO_OFFICE_DATA,c_inst_name_code,SOCIAL_INSTITUTION_NAME_CODES,c_inst_name_code,POSTED_TO_OFFICE_DATA_SOCIAL_INSTITUTION_NAME_CODE
POSTED_TO_OFFICE_DATA,c_ly_day_gz,GANZHI_CODES,c_ganzhi_code,POSTED_TO_OFFICE_DATA_GANZHI_LY_DAY
POSTED_TO_OFFICE_DATA,c_ly_nh_code,nian_hao,c_nianhao_id,POSTED_TO_OFFICE_DATA_nian_hao_ly
POSTED_TO_OFFICE_DATA,c_ly_range,year_range_codes,c_range_code,POSTED_TO_OFFICE_DATA_year_range_ly
POSTED_TO_OFFICE_DATA,c_office_category_id,OFFICE_CATEGORIES,c_office_category_id,POSTED_TO_OFFICE_DATA_OFFICE_CATEGORY
POSTED_TO_OFFICE_DATA,c_office_id,OFFICE_CODES,c_office_id,POSTED_TO_OFFICE_DATA_OFFICE_ID
POSTED_TO_OFFICE_DATA,c_personid,BIOG_MAIN,c_personid,POSTED_TO_OFFICE_DATA_PERSON_ID
POSTED_TO_OFFICE_DATA,c_posting_id,POSTING_DATA,c_posting_id,POSTED_TO_OFFICE_DATA_POSTING_ID
POSTED_TO_OFFICE_DATA,c_source,TEXT_CODES,c_textid,POSTED_TO_OFFICE_DATA_SOURCE_TEXT_CODE
POSTING_DATA,c_personid,BIOG_MAIN,c_personid,BIOG_MAINPOSTING_DATA
POSTING_DATA,c_personid,BIOG_MAIN,c_personid,POSTING_DATA_PERSON_ID
SOCIAL_INSTITUTION_ADDR,c_inst_addr_id,ADDR_CODES,c_addr_id,ADDR_CODESSOCIAL_INSTITUTION_ADDR1
SOCIAL_INSTITUTION_ADDR,c_inst_addr_id,ADDR_CODES,c_addr_id,SOCIAL_INSTITUTION_ADDR_ADDR_ID
SOCIAL_INSTITUTION_ADDR,c_inst_addr_type_code,SOCIAL_INSTITUTION_ADDR_TYPES,c_inst_addr_type_code,SOCIAL_INSTITUTION_ADDR_TYPE
SOCIAL_INSTITUTION_ADDR,c_inst_addr_type_code,SOCIAL_INSTITUTION_ADDR_TYPES,c_inst_addr_type_code,SOCIAL_INSTITUTION_ADDR_TYPESSOCIAL_INSTITUTION_ADDR
SOCIAL_INSTITUTION_ADDR,c_inst_code,SOCIAL_INSTITUTION_CODES,c_inst_code,SOCIAL_INSTITUTION_ADDR_SOCIAL_INSTITUTION_CODE
SOCIAL_INSTITUTION_ADDR,c_inst_name_code,SOCIAL_INSTITUTION_CODES,c_inst_name_code,SOCIAL_INSTITUTION_ADDR_SOCIAL_INSTITUTION_CODE
SOCIAL_INSTITUTION_ADDR,c_source,TEXT_CODES,c_textid,SOCIAL_INSTITUTION_ADDR_TEXT_CODES
SOCIAL_INSTITUTION_ADDR,c_source,TEXT_CODES,c_textid,TEXT_CODESSOCIAL_INSTITUTION_ADDR1
SOCIAL_INSTITUTION_CODES,c_by_nianhao_code,NIAN_HAO,c_nianhao_id,NIAN_HAOSOCIAL_INSTITUTION_CODES
SOCIAL_INSTITUTION_CODES,c_by_nianhao_code,NIAN_HAO,c_nianhao_id,SOCIAL_INSTITUTION_CODES_NIAN_HAO_BY
SOCIAL_INSTITUTION_CODES,c_by_year_range,YEAR_RANGE_CODES,c_range_code,SOCIAL_INSTITUTION_CODES_YEAR_RANGE_CODE_BY
SOCIAL_INSTITUTION_CODES,c_by_year_range,YEAR_RANGE_CODES,c_range_code,YEAR_RANGE_CODESSOCIAL_INSTITUTION_CODES
SOCIAL_INSTITUTION_CODES,c_ey_nianhao_code,NIAN_HAO,c_nianhao_id,NIAN_HAOSOCIAL_INSTITUTION_CODES2
SOCIAL_INSTITUTION_CODES,c_ey_nianhao_code,NIAN_HAO,c_nianhao_id,SOCIAL_INSTITUTION_CODES_NIAN_HAO_EY
SOCIAL_INSTITUTION_CODES,c_ey_year_range,YEAR_RANGE_CODES,c_range_code,SOCIAL_INSTITUTION_CODES_YEAR_RANGE_CODE_EY
SOCIAL_INSTITUTION_CODES,c_ey_year_range,YEAR_RANGE_CODES,c_range_code,YEAR_RANGE_CODESSOCIAL_INSTITUTION_CODES1
SOCIAL_INSTITUTION_CODES,c_inst_begin_dy,DYNASTIES,c_dy,DYNASTIESSOCIAL_INSTITUTION_CODES
SOCIAL_INSTITUTION_CODES,c_inst_begin_dy,DYNASTIES,c_dy,SOCIAL_INSTITUTION_CODES_DYNASTY_BEGIN
SOCIAL_INSTITUTION_CODES,c_inst_end_dy,DYNASTIES,c_dy,DYNASTIESSOCIAL_INSTITUTION_CODES5
SOCIAL_INSTITUTION_CODES,c_inst_floruit_dy,DYNASTIES,c_dy,DYNASTIESSOCIAL_INSTITUTION_CODES4
SOCIAL_INSTITUTION_CODES,c_inst_floruit_dy,DYNASTIES,c_dy,SOCIAL_INSTITUTION_CODES_DYNASTY_END
SOCIAL_INSTITUTION_CODES,c_inst_name_code,SOCIAL_INSTITUTION_NAME_CODES,c_inst_name_code,SOCIAL_INSTITUTION_CODES_SOCIAL_INSTITUTION_NAME_CODE
SOCIAL_INSTITUTION_CODES,c_inst_name_code,SOCIAL_INSTITUTION_NAME_CODES,c_inst_name_code,SOCIAL_INSTITUTION_NAME_CODESSOCIAL_INSTITUTION_CODES
SOCIAL_INSTITUTION_CODES,c_inst_type_code,SOCIAL_INSTITUTION_TYPES,c_inst_type_code,SOCIAL_INSTITUTION_CODES_SOCIAL_INSTITUTION_TYPE_CODE
SOCIAL_INSTITUTION_CODES,c_inst_type_code,SOCIAL_INSTITUTION_types,c_inst_type_code,SOCIAL_INSTITUTION_typesSOCIAL_INSTITUTION_CODES
SOCIAL_INSTITUTION_CODES,c_source,TEXT_CODES,c_textid,SOCIAL_INSTITUTION_CODES_SOURCE_TEXT_ID
SOCIAL_INSTITUTION_CODES,c_source,TEXT_CODES,c_textid,TEXT_CODESSOCIAL_INSTITUTION_CODES1
STATUS_CODE_TYPE_REL,c_status_code,STATUS_CODES,c_status_code,STATUS_CODE_TYPE_REL_STATUS_CODE
STATUS_CODE_TYPE_REL,c_status_code,STATUS_CODES,c_status_code,STATUS_CODESSTATUS_CODE_TYPE_REL
STATUS_CODE_TYPE_REL,c_status_type_code,STATUS_TYPES,c_status_type_code,STATUS_CODE_TYPE_REL_STATUS_TYPE
STATUS_CODE_TYPE_REL,c_status_type_code,STATUS_TYPES,c_status_type_code,STATUS_TYPESSTATUS_CODE_TYPE_REL
STATUS_DATA,c_fy_nh_code,NIAN_HAO,c_nianhao_id,NIAN_HAOSTATUS_DATA
status_data,c_fy_nh_code,nian_hao,c_nianhao_id,STATUS_DATA_nian_hao_fy
status_data,c_fy_range,year_range_codes,c_range_code,STATUS_DATA_year_range_code_fy
STATUS_DATA,c_fy_range,YEAR_RANGE_CODES,c_range_code,YEAR_RANGE_CODESSTATUS_DATA
STATUS_DATA,c_ly_nh_code,NIAN_HAO,c_nianhao_id,NIAN_HAOSTATUS_DATA1
status_data,c_ly_nh_code,nian_hao,c_nianhao_id,STATUS_DATA_nian_hao_ly
status_data,c_ly_range,year_range_codes,c_range_code,STATUS_DATA_year_range_code_ly
STATUS_DATA,c_ly_range,YEAR_RANGE_CODES,c_range_code,YEAR_RANGE_CODESSTATUS_DATA1
STATUS_DATA,c_personid,BIOG_MAIN,c_personid,BIOG_MAINSTATUS_DATA
status_data,c_personid,BIOG_MAIN,c_personid,STATUS_DATA_PERSON_ID
status_data,c_source,TEXT_CODES,c_textid,STATUS_DATA_SOURCE_TEXT_ID
STATUS_DATA,c_source,TEXT_CODES,c_textid,TEXT_CODESSTATUS_DATA1
STATUS_DATA,c_status_code,STATUS_CODES,c_status_code,STATUS_CODESSTATUS_DATA
status_data,c_status_code,STATUS_CODES,c_status_code,STATUS_DATA_STATUS_CODES
TEXT_BIBLCAT_CODE_TYPE_REL,c_text_cat_code,TEXT_BIBLCAT_CODES,c_text_cat_code,TEXT_BIBLCAT_CODE_TYPE_REL_TEXT_CAT_CODE
TEXT_BIBLCAT_CODE_TYPE_REL,c_text_cat_code,TEXT_BIBLCAT_CODES,c_text_cat_code,TEXT_BIBLCAT_CODESTEXT_BIBLCAT_CODE_TYPE_REL
TEXT_BIBLCAT_CODE_TYPE_REL,c_text_cat_type_id,TEXT_BIBLCAT_TYPES,c_text_cat_type_id,TEXT_BIBLCAT_CODE_TYPE_REL_TEXT_CAT_TYPE
TEXT_BIBLCAT_CODE_TYPE_REL,c_text_cat_type_id,TEXT_BIBLCAT_TYPES,c_text_cat_type_id,TEXT_BIBLCAT_TYPESTEXT_BIBLCAT_CODE_TYPE_REL
TEXT_CODES,c_bibl_cat_code,TEXT_BIBLCAT_CODES,c_text_cat_code,TEXT_BIBLCAT_CODESTEXT_CODES
TEXT_CODES,c_bibl_cat_code,TEXT_BIBLCAT_CODES,c_text_cat_code,TEXT_CODES_TEXT_BIBLCAT_CODE
text_codes,c_extant,EXTANT_CODES,c_extant_code,TEXT_CODES_EXTANT_CODE
text_codes,c_source,TEXT_CODES,c_textid,TEXT_CODES_SOURCE_TEXT_ID
text_codes,c_text_country,COUNTRY_CODES,c_country_code,TEXT_CODES_COUNTRY_CODE_TEXT
text_codes,c_text_dy,DYNASTIES,c_dy,TEXT_CODES_DYNASTY_TEXT
text_codes,c_text_nh_code,NIAN_HAO,c_nianhao_id,TEXT_CODES_NIAN_HAO_TEXT
text_codes,c_text_range_code,YEAR_RANGE_CODES,c_range_code,TEXT_CODES_YEAR_RANGE_CODE_TEXT
TEXT_INSTANCE_DATA,c_pub_country,COUNTRY_CODES,c_country_code,TEXT_INSTANCE_COUNTRY
TEXT_INSTANCE_DATA,c_pub_dy,DYNASTIES,c_dy,TEXT_INSTANCE_PUB_DYNASTY
TEXT_INSTANCE_DATA,c_pub_nh_code,NIAN_HAO,c_nianhao_id,TEXT_INSTANCE_PUB_NIANHAO
TEXT_INSTANCE_DATA,c_pub_range_code,YEAR_RANGE_CODES,c_range_code,TEXT_INSTANCE_PUB_RANGE
TEXT_INSTANCE_DATA,c_source,TEXT_CODES,c_textid,TEXT_INSTANCE_SOURCE_ID
TEXT_INSTANCE_DATA,c_textid,TEXT_CODES,c_textid,TEXT_INSTANCE_TEXT_ID
