AccessTblNm,AccessFldNm,IndexOnField,DataFormat,NULL_allowed,ForeignKey,ForeignKeyBaseField
ADDR_BELONGS_DATA,c_addr_id,Primary Key,Long,False,,
ADDR_BELONGS_DATA,c_belongs_to,Primary Key,Long,False,,
ADDR_BELONGS_DATA,c_firstyear,Primary Key,Integer,False,,
ADDR_BELONGS_DATA,c_lastyear,Primary Key,Integer,False,,
ADDR_BELONGS_DATA,c_source,,Long,True,,
ADDR_BELONGS_DATA,c_pages,,Text,True,,
ADDR_BELONGS_DATA,c_secondary_source_author,,Text,True,,
ADDR_BELONGS_DATA,c_notes,,Text,True,,
ADDR_BELONGS_DATA,c_created_by,,Text,True,,
ADDR_BELONGS_DATA,c_created_date,,Date/Time,True,,
ADDR_BELONGS_DATA,c_modified_by,,Text,True,,
ADDR_BELONGS_DATA,c_modified_date,,Date/Time,True,,
ADDR_CODES,c_addr_id,Primary Key,Long,False,,
ADDR_CODES,c_name,,Text,True,,
ADDR_CODES,c_name_chn,,Text,True,,
ADDR_CODES,c_firstyear,,Integer,True,,
ADDR_CODES,c_lastyear,,Integer,True,,
ADDR_CODES,c_admin_cat_code,,Integer,True,,
ADDR_CODES,c_admin_type,,Text,True,,
ADDR_CODES,x_coord,,Double,True,,
ADDR_CODES,y_coord,,Double,True,,
ADDR_CODES,CHGIS_PT_ID,,Long,True,,
ADDR_CODES,c_notes,,Memo,True,,
ADDR_CODES,c_alt_names,,Text,True,,
ADDRESSES,c_addr_id,,Long,True,,
ADDRESSES,c_addr_cbd,,Text,True,,
ADDRESSES,c_name,,Text,True,,
ADDRESSES,c_name_chn,,Text,True,,
ADDRESSES,c_admin_type,,Text,True,,
ADDRESSES,c_firstyear,,Integer,True,,
ADDRESSES,c_lastyear,,Integer,True,,
ADDRESSES,x_coord,,Double,True,,
ADDRESSES,y_coord,,Double,True,,
ADDRESSES,belongs1_ID,,Long,True,,
ADDRESSES,belongs1_Name,,Text,True,,
ADDRESSES,belongs2_ID,,Long,True,,
ADDRESSES,belongs2_Name,,Text,True,,
ADDRESSES,belongs3_ID,,Long,True,,
ADDRESSES,belongs3_Name,,Text,True,,
ADDRESSES,belongs4_ID,,Long,True,,
ADDRESSES,belongs4_Name,,Text,True,,
ADDRESSES,belongs5_ID,,Long,True,,
ADDRESSES,belongs5_Name,,Text,True,,
ADMIN_CAT_CODE_TYPE_REL,c_admin_cat_code,Primary Key,Integer,False,,
ADMIN_CAT_CODE_TYPE_REL,c_admin_cat_type_code,Primary Key,Text,False,,
ADMIN_CAT_CODES,c_admin_cat_code,Primary Key,Integer,False,,
ADMIN_CAT_CODES,c_admin_cat_py,,Text,True,,
ADMIN_CAT_CODES,c_admin_cat_hz,,Text,True,,
ADMIN_CAT_CODES,c_admin_cat_trans,,Text,True,,
ADMIN_CAT_CODES,c_notes,,Memo,True,,
ADMIN_CAT_TYPES,c_admin_cat_type_code,Primary Key,Text,False,,
ADMIN_CAT_TYPES,c_admin_cat_type_hz,,Text,False,,
ADMIN_CAT_TYPES,c_admin_cat_type_trans,,Text,False,,
ADMIN_CAT_TYPES,c_notes,,Memo,True,,
ALTNAME_CODES,c_name_type_code,Primary Key,Integer,True,,
ALTNAME_CODES,c_name_type_desc,,Text,True,,
ALTNAME_CODES,c_name_type_desc_chn,,Text,True,,
ALTNAME_DATA,c_personid,Primary Key,Long,False,,
ALTNAME_DATA,c_alt_name,,Text,True,,
ALTNAME_DATA,c_alt_name_chn,Primary Key,Text,False,,
ALTNAME_DATA,c_alt_name_type_code,Primary Key,Integer,False,,
ALTNAME_DATA,c_sequence,,Integer,True,,
ALTNAME_DATA,c_source,,Long,True,,
ALTNAME_DATA,c_pages,,Text,True,,
ALTNAME_DATA,c_notes,,Memo,True,,
ALTNAME_DATA,c_created_by,,Text,True,,
ALTNAME_DATA,c_modified_by,,Text,True,,
ALTNAME_DATA,c_created_date,,Date/Time,True,,
ALTNAME_DATA,c_modified_date,,Date/Time,True,,
APPOINTMENT_CODE_TYPE_REL,c_appt_code,Primary Key,Integer,False,,
APPOINTMENT_CODE_TYPE_REL,c_appt_type_code,Primary Key,Text,False,,
APPOINTMENT_CODES,c_appt_code,Primary Key,Integer,False,,
APPOINTMENT_CODES,c_appt_desc_chn,,Text,True,,
APPOINTMENT_CODES,c_appt_desc,,Text,True,,
APPOINTMENT_CODES,c_appt_desc_chn_alt,,Text,True,,
APPOINTMENT_CODES,c_appt_desc_alt,,Text,True,,
APPOINTMENT_CODES,c_notes,,Text,True,,
APPOINTMENT_TYPES,c_appt_type_code,Primary Key,Text,False,,
APPOINTMENT_TYPES,c_appt_type_desc_chn,,Text,True,,
APPOINTMENT_TYPES,c_appt_type_desc,,Text,True,,
APPOINTMENT_TYPES,c_notes,,Text,True,,
ASSOC_CODE_TYPE_REL,c_assoc_code,Primary Key,Integer,False,,
ASSOC_CODE_TYPE_REL,c_assoc_type_code,Primary Key,Text,False,,
ASSOC_CODES,c_assoc_code,Primary Key,Integer,True,,
ASSOC_CODES,c_assoc_pair,,Integer,True,,
ASSOC_CODES,c_assoc_pair2,,Integer,True,,
ASSOC_CODES,c_assoc_desc,,Text,True,,
ASSOC_CODES,c_assoc_desc_chn,,Text,True,,
ASSOC_CODES,c_assoc_role_type,,Text,True,,
ASSOC_CODES,c_sortorder,,Integer,True,,
ASSOC_CODES,c_example,,Text,True,,
ASSOC_DATA,c_assoc_code,Primary Key,Integer,False,,
ASSOC_DATA,c_personid,Primary Key,Long,False,,
ASSOC_DATA,c_kin_code,Primary Key,Integer,False,,
ASSOC_DATA,c_kin_id,Primary Key,Long,False,,
ASSOC_DATA,c_assoc_id,Primary Key,Long,False,,
ASSOC_DATA,c_assoc_kin_code,Primary Key,Integer,False,,
ASSOC_DATA,c_assoc_kin_id,Primary Key,Long,False,,
ASSOC_DATA,c_tertiary_personid,,Long,True,,
ASSOC_DATA,c_tertiary_type_notes,,Text,True,,
ASSOC_DATA,c_assoc_count,,Integer,True,,
ASSOC_DATA,c_sequence,,Integer,True,,
ASSOC_DATA,c_assoc_first_year,Primary Key,Integer,False,,
ASSOC_DATA,c_assoc_last_year,,Integer,True,,
ASSOC_DATA,c_source,,Long,True,,
ASSOC_DATA,c_pages,,Text,True,,
ASSOC_DATA,c_notes,,Memo,True,,
ASSOC_DATA,c_assoc_fy_nh_code,,Integer,True,,
ASSOC_DATA,c_assoc_fy_nh_year,,Integer,True,,
ASSOC_DATA,c_assoc_fy_range,,Integer,True,,
ASSOC_DATA,c_assoc_fy_intercalary,,Yes/No,True,,
ASSOC_DATA,c_assoc_fy_month,,Integer,True,,
ASSOC_DATA,c_assoc_fy_day,,Integer,True,,
ASSOC_DATA,c_assoc_fy_day_gz,,Integer,True,,
ASSOC_DATA,c_assoc_ly_nh_code,,Integer,True,,
ASSOC_DATA,c_assoc_ly_nh_year,,Integer,True,,
ASSOC_DATA,c_assoc_ly_range,,Integer,True,,
ASSOC_DATA,c_assoc_ly_intercalary,,Yes/No,True,,
ASSOC_DATA,c_assoc_ly_month,,Integer,True,,
ASSOC_DATA,c_assoc_ly_day,,Integer,True,,
ASSOC_DATA,c_assoc_ly_day_gz,,Integer,True,,
ASSOC_DATA,c_addr_id,,Long,True,,
ASSOC_DATA,c_litgenre_code,,Integer,True,,
ASSOC_DATA,c_occasion_code,,Long,True,,
ASSOC_DATA,c_topic_code,,Long,True,,
ASSOC_DATA,c_inst_code,,Integer,True,,
ASSOC_DATA,c_inst_name_code,,Integer,True,,
ASSOC_DATA,c_text_title,Primary Key,Text,False,,
ASSOC_DATA,c_assoc_claimer_id,,Long,True,,
ASSOC_DATA,c_created_by,,Text,True,,
ASSOC_DATA,c_modified_by,,Text,True,,
ASSOC_DATA,c_created_date,,Date/Time,True,,
ASSOC_DATA,c_modified_date,,Date/Time,True,,
ASSOC_TYPES,c_assoc_type_code,Primary Key,Text,False,,
ASSOC_TYPES,c_assoc_type_desc,,Text,True,,
ASSOC_TYPES,c_assoc_type_desc_chn,,Text,True,,
ASSOC_TYPES,c_assoc_type_parent_id,,Text,True,,
ASSOC_TYPES,c_assoc_type_level,,Integer,True,,
ASSOC_TYPES,c_assoc_type_sortorder,,Integer,True,,
ASSOC_TYPES,c_assoc_type_short_desc,,Text,True,,
ASSUME_OFFICE_CODES,c_assume_office_code,Primary Key,Integer,True,,
ASSUME_OFFICE_CODES,c_assume_office_desc_chn,,Text,True,,
ASSUME_OFFICE_CODES,c_assume_office_desc,,Text,True,,
BIOG_ADDR_CODES,c_addr_type,Primary Key,Integer,False,,
BIOG_ADDR_CODES,c_addr_desc,,Text,True,,
BIOG_ADDR_CODES,c_addr_desc_chn,,Text,True,,
BIOG_ADDR_CODES,c_addr_note,,Text,True,,
BIOG_ADDR_CODES,c_index_addr_rank,,Integer,True,,
BIOG_ADDR_CODES,c_index_addr_default_rank,,Integer,True,,
BIOG_ADDR_DATA,c_personid,Primary Key,Long,False,,
BIOG_ADDR_DATA,c_addr_id,Primary Key,Long,False,,
BIOG_ADDR_DATA,c_addr_type,Primary Key,Integer,False,,
BIOG_ADDR_DATA,c_sequence,Primary Key,Long,False,,
BIOG_ADDR_DATA,c_firstyear,,Long,True,,
BIOG_ADDR_DATA,c_lastyear,,Long,True,,
BIOG_ADDR_DATA,c_source,,Long,True,,
BIOG_ADDR_DATA,c_pages,,Text,True,,
BIOG_ADDR_DATA,c_notes,,Memo,True,,
BIOG_ADDR_DATA,c_fy_nh_code,,Integer,True,,
BIOG_ADDR_DATA,c_ly_nh_code,,Integer,True,,
BIOG_ADDR_DATA,c_fy_nh_year,,Integer,True,,
BIOG_ADDR_DATA,c_ly_nh_year,,Integer,True,,
BIOG_ADDR_DATA,c_fy_range,,Integer,True,,
BIOG_ADDR_DATA,c_ly_range,,Integer,True,,
BIOG_ADDR_DATA,c_natal,,Long,True,,
BIOG_ADDR_DATA,c_fy_intercalary,,Yes/No,True,,
BIOG_ADDR_DATA,c_ly_intercalary,,Yes/No,True,,
BIOG_ADDR_DATA,c_fy_month,,Integer,True,,
BIOG_ADDR_DATA,c_ly_month,,Integer,True,,
BIOG_ADDR_DATA,c_fy_day,,Integer,True,,
BIOG_ADDR_DATA,c_ly_day,,Integer,True,,
BIOG_ADDR_DATA,c_fy_day_gz,,Integer,True,,
BIOG_ADDR_DATA,c_ly_day_gz,,Integer,True,,
BIOG_ADDR_DATA,c_created_by,,Text,True,,
BIOG_ADDR_DATA,c_modified_by,,Text,True,,
BIOG_ADDR_DATA,c_delete,,Integer,True,,
BIOG_ADDR_DATA,c_created_date,,Date/Time,True,,
BIOG_ADDR_DATA,c_modified_date,,Date/Time,True,,
BIOG_INST_CODES,c_bi_role_code,Primary Key,Integer,True,,
BIOG_INST_CODES,c_bi_role_desc,,Text,True,,
BIOG_INST_CODES,c_bi_role_chn,,Text,True,,
BIOG_INST_CODES,c_notes,,Text,True,,
BIOG_INST_DATA,c_personid,Primary Key,Long,False,,
BIOG_INST_DATA,c_inst_name_code,Primary Key,Integer,False,,
BIOG_INST_DATA,c_inst_code,Primary Key,Integer,False,,
BIOG_INST_DATA,c_bi_role_code,Primary Key,Integer,False,,
BIOG_INST_DATA,c_bi_begin_year,,Integer,True,,
BIOG_INST_DATA,c_bi_by_nh_code,,Integer,True,,
BIOG_INST_DATA,c_bi_by_nh_year,,Integer,True,,
BIOG_INST_DATA,c_bi_by_range,,Integer,True,,
BIOG_INST_DATA,c_bi_end_year,,Integer,True,,
BIOG_INST_DATA,c_bi_ey_nh_code,,Integer,True,,
BIOG_INST_DATA,c_bi_ey_nh_year,,Integer,True,,
BIOG_INST_DATA,c_bi_ey_range,,Integer,True,,
BIOG_INST_DATA,c_source,,Long,True,,
BIOG_INST_DATA,c_pages,,Text,True,,
BIOG_INST_DATA,c_notes,,Memo,True,,
BIOG_INST_DATA,c_created_by,,Text,True,,
BIOG_INST_DATA,c_modified_by,,Text,True,,
BIOG_INST_DATA,c_created_date,,Date/Time,True,,
BIOG_INST_DATA,c_modified_date,,Date/Time,True,,
BIOG_MAIN,c_personid,Primary Key,Long,False,,
BIOG_MAIN,c_name,,Text,False,,
BIOG_MAIN,c_name_chn,,Text,False,,
BIOG_MAIN,c_name_fixed,,Text,True,,
BIOG_MAIN,c_index_year,,Long,True,,
BIOG_MAIN,c_index_year_type_code,,Text,True,,
BIOG_MAIN,c_index_year_source_id,,Long,True,,
BIOG_MAIN,c_female,,Yes/No,True,,
BIOG_MAIN,c_index_addr_id,,Long,True,,
BIOG_MAIN,c_index_addr_type_code,,Integer,True,,
BIOG_MAIN,c_ethnicity_code,,Integer,True,,
BIOG_MAIN,c_household_status_code,,Integer,True,,
BIOG_MAIN,c_tribe,,Text,True,,
BIOG_MAIN,c_birthyear,,Integer,True,,
BIOG_MAIN,c_by_nh_code,,Integer,True,,
BIOG_MAIN,c_by_nh_year,,Integer,True,,
BIOG_MAIN,c_by_range,,Integer,True,,
BIOG_MAIN,c_deathyear,,Integer,True,,
BIOG_MAIN,c_dy_nh_code,,Integer,True,,
BIOG_MAIN,c_dy_nh_year,,Integer,True,,
BIOG_MAIN,c_dy_range,,Integer,True,,
BIOG_MAIN,c_death_age,,Integer,True,,
BIOG_MAIN,c_death_age_range,,Integer,True,,
BIOG_MAIN,c_fl_earliest_year,,Integer,True,,
BIOG_MAIN,c_fl_ey_nh_code,,Integer,True,,
BIOG_MAIN,c_fl_ey_nh_year,,Integer,True,,
BIOG_MAIN,c_fl_ey_notes,,Memo,True,,
BIOG_MAIN,c_fl_latest_year,,Integer,True,,
BIOG_MAIN,c_fl_ly_nh_code,,Integer,True,,
BIOG_MAIN,c_fl_ly_nh_year,,Integer,True,,
BIOG_MAIN,c_fl_ly_notes,,Memo,True,,
BIOG_MAIN,c_surname,,Text,True,,
BIOG_MAIN,c_surname_chn,,Text,True,,
BIOG_MAIN,c_mingzi,,Text,True,,
BIOG_MAIN,c_mingzi_chn,,Text,True,,
BIOG_MAIN,c_dy,,Integer,True,,
BIOG_MAIN,c_choronym_code,,Integer,True,,
BIOG_MAIN,c_notes,,Memo,True,,
BIOG_MAIN,c_by_intercalary,,Yes/No,True,,
BIOG_MAIN,c_dy_intercalary,,Yes/No,True,,
BIOG_MAIN,c_by_month,,Integer,True,,
BIOG_MAIN,c_dy_month,,Integer,True,,
BIOG_MAIN,c_by_day,,Integer,True,,
BIOG_MAIN,c_dy_day,,Integer,True,,
BIOG_MAIN,c_by_day_gz,,Integer,True,,
BIOG_MAIN,c_dy_day_gz,,Integer,True,,
BIOG_MAIN,c_surname_proper,,Text,True,,
BIOG_MAIN,c_mingzi_proper,,Text,True,,
BIOG_MAIN,c_name_proper,,Text,True,,
BIOG_MAIN,c_surname_rm,,Text,True,,
BIOG_MAIN,c_mingzi_rm,,Text,True,,
BIOG_MAIN,c_name_rm,,Text,True,,
BIOG_MAIN,c_created_by,,Text,True,,
BIOG_MAIN,c_modified_by,,Text,True,,
BIOG_MAIN,c_created_date,,Date/Time,True,,
BIOG_MAIN,c_modified_date,,Date/Time,True,,
BIOG_SOURCE_DATA,c_personid,Primary Key,Long,False,,
BIOG_SOURCE_DATA,c_textid,Primary Key,Long,False,,
BIOG_SOURCE_DATA,c_pages,Primary Key,Text,False,,
BIOG_SOURCE_DATA,c_notes,,Memo,True,,
BIOG_SOURCE_DATA,c_main_source,,Yes/No,True,,
BIOG_SOURCE_DATA,c_self_bio,,Yes/No,True,,
BIOG_SOURCE_DATA,c_created_by,,Text,True,,
BIOG_SOURCE_DATA,c_modified_by,,Text,True,,
BIOG_SOURCE_DATA,c_created_date,,Date/Time,True,,
BIOG_SOURCE_DATA,c_modified_date,,Date/Time,True,,
BIOG_TEXT_DATA,c_textid,Primary Key,Long,False,,
BIOG_TEXT_DATA,c_personid,Primary Key,Long,False,,
BIOG_TEXT_DATA,c_role_id,Primary Key,Integer,False,,
BIOG_TEXT_DATA,c_year,,Integer,True,,
BIOG_TEXT_DATA,c_nh_code,,Integer,True,,
BIOG_TEXT_DATA,c_nh_year,,Long,True,,
BIOG_TEXT_DATA,c_range_code,,Integer,True,,
BIOG_TEXT_DATA,c_source,,Long,True,,
BIOG_TEXT_DATA,c_pages,,Text,True,,
BIOG_TEXT_DATA,c_notes,,Memo,True,,
BIOG_TEXT_DATA,c_created_by,,Text,True,,
BIOG_TEXT_DATA,c_modified_by,,Text,True,,
BIOG_TEXT_DATA,c_created_date,,Date/Time,True,,
BIOG_TEXT_DATA,c_modified_date,,Date/Time,True,,
CHORONYM_CODES,c_choronym_code,Primary Key,Integer,True,,
CHORONYM_CODES,c_choronym_desc,,Text,True,,
CHORONYM_CODES,c_choronym_chn,,Text,True,,
CopyTables,TableName,Primary Key,Text,False,,
CopyTables,NotProcessed,,Yes/No,True,,
CopyTablesDefault,ID,Primary Key,Long,True,,
CopyTablesDefault,TableName,,Text,True,,
COUNTRY_CODES,c_country_code,Primary Key,Integer,True,,
COUNTRY_CODES,c_country_desc,,Text,True,,
COUNTRY_CODES,c_country_desc_chn,,Text,True,,
DYNASTIES,c_dy,Primary Key,Integer,False,,
DYNASTIES,c_dynasty,,Text,True,,
DYNASTIES,c_dynasty_chn,,Text,True,,
DYNASTIES,c_start,,Integer,False,,
DYNASTIES,c_end,,Integer,False,,
DYNASTIES,c_sort,,Integer,True,,
ENTRY_CODE_TYPE_REL,c_entry_code,Primary Key,Integer,True,,
ENTRY_CODE_TYPE_REL,c_entry_type,Primary Key,Text,True,,
ENTRY_CODES,c_entry_code,Primary Key,Integer,False,,
ENTRY_CODES,c_entry_desc,,Text,False,,
ENTRY_CODES,c_entry_desc_chn,,Text,False,,
ENTRY_DATA,c_personid,Primary Key,Long,False,,
ENTRY_DATA,c_entry_code,Primary Key,Integer,False,,
ENTRY_DATA,c_sequence,Primary Key,Integer,False,,
ENTRY_DATA,c_exam_rank,,Text,True,,
ENTRY_DATA,c_kin_code,Primary Key,Integer,False,,
ENTRY_DATA,c_kin_id,Primary Key,Long,False,,
ENTRY_DATA,c_assoc_code,Primary Key,Integer,False,,
ENTRY_DATA,c_assoc_id,Primary Key,Long,False,,
ENTRY_DATA,c_year,Primary Key,Integer,False,,
ENTRY_DATA,c_age,,Integer,True,,
ENTRY_DATA,c_entry_dy,,Integer,True,,
ENTRY_DATA,c_entry_nh_id,,Integer,True,,
ENTRY_DATA,c_entry_nh_year,,Integer,True,,
ENTRY_DATA,c_entry_range,,Integer,True,,
ENTRY_DATA,c_inst_code,Primary Key,Integer,False,,
ENTRY_DATA,c_inst_name_code,Primary Key,Integer,False,,
ENTRY_DATA,c_exam_field,,Text,True,,
ENTRY_DATA,c_entry_addr_id,,Long,True,,
ENTRY_DATA,c_parental_status_code,,Integer,True,,
ENTRY_DATA,c_attempt_count,,Integer,True,,
ENTRY_DATA,c_source,,Long,True,,
ENTRY_DATA,c_pages,,Text,True,,
ENTRY_DATA,c_notes,,Memo,True,,
ENTRY_DATA,c_posting_notes,,Text,True,,
ENTRY_DATA,c_created_by,,Text,True,,
ENTRY_DATA,c_modified_by,,Text,True,,
ENTRY_DATA,c_created_date,,Date/Time,True,,
ENTRY_DATA,c_modified_date,,Date/Time,True,,
ENTRY_TYPES,c_entry_type,Primary Key,Text,False,,
ENTRY_TYPES,c_entry_type_desc,,Text,False,,
ENTRY_TYPES,c_entry_type_desc_chn,,Text,False,,
ENTRY_TYPES,c_entry_type_parent_id,,Text,True,,
ENTRY_TYPES,c_entry_type_level,,Double,True,,
ENTRY_TYPES,c_entry_type_sortorder,,Double,True,,
ETHNICITY_TRIBE_CODES,c_ethnicity_code,Primary Key,Integer,False,,
ETHNICITY_TRIBE_CODES,c_group_code,,Long,True,,
ETHNICITY_TRIBE_CODES,c_subgroup_code,,Long,True,,
ETHNICITY_TRIBE_CODES,c_altname_code,,Long,True,,
ETHNICITY_TRIBE_CODES,c_name_chn,,Text,True,,
ETHNICITY_TRIBE_CODES,c_name,,Text,True,,
ETHNICITY_TRIBE_CODES,c_ethno_legal_cat,,Text,True,,
ETHNICITY_TRIBE_CODES,c_romanized,,Text,True,,
ETHNICITY_TRIBE_CODES,c_surname,,Text,True,,
ETHNICITY_TRIBE_CODES,c_notes,,Memo,True,,
ETHNICITY_TRIBE_CODES,c_sortorder,,Integer,True,,
EVENT_CODES,c_event_code,Primary Key,Long,False,,
EVENT_CODES,c_event_name_chn,,Text,False,,
EVENT_CODES,c_event_name,,Text,True,,
EVENT_CODES,c_fy_yr,,Integer,True,,
EVENT_CODES,c_ly_yr,,Integer,True,,
EVENT_CODES,c_fy_nh_code,,Integer,True,,
EVENT_CODES,c_ly_nh_code,,Integer,True,,
EVENT_CODES,c_fy_nh_yr,,Integer,True,,
EVENT_CODES,c_ly_nh_yr,,Integer,True,,
EVENT_CODES,c_fy_intercalary,,Yes/No,True,,
EVENT_CODES,c_fy_month,,Integer,True,,
EVENT_CODES,c_ly_intercalary,,Yes/No,True,,
EVENT_CODES,c_ly_month,,Integer,True,,
EVENT_CODES,c_fy_range,,Integer,True,,
EVENT_CODES,c_ly_range,,Integer,True,,
EVENT_CODES,c_addr_id,,Long,True,,
EVENT_CODES,c_dy,,Integer,True,,
EVENT_CODES,c_source,,Long,True,,
EVENT_CODES,c_pages,,Text,True,,
EVENT_CODES,c_event_notes,,Text,True,,
EVENTS_ADDR,c_personid,Primary Key,Long,False,,
EVENTS_ADDR,c_event_code,Primary Key,Long,False,,
EVENTS_ADDR,c_sequence,Primary Key,Integer,False,,
EVENTS_ADDR,c_addr_id,Primary Key,Long,False,,
EVENTS_ADDR,c_year,,Integer,True,,
EVENTS_ADDR,c_nh_code,,Integer,True,,
EVENTS_ADDR,c_nh_year,,Integer,True,,
EVENTS_ADDR,c_yr_range,,Integer,True,,
EVENTS_ADDR,c_intercalary,,Yes/No,True,,
EVENTS_ADDR,c_month,,Integer,True,,
EVENTS_ADDR,c_day,,Integer,True,,
EVENTS_ADDR,c_day_ganzhi,,Integer,True,,
EVENTS_DATA,c_personid,Primary Key,Long,False,,
EVENTS_DATA,c_sequence,Primary Key,Integer,False,,
EVENTS_DATA,c_event_code,Primary Key,Long,False,,
EVENTS_DATA,c_role,,Text,True,,
EVENTS_DATA,c_year,,Long,True,,
EVENTS_DATA,c_nh_code,,Integer,True,,
EVENTS_DATA,c_nh_year,,Long,True,,
EVENTS_DATA,c_yr_range,,Integer,True,,
EVENTS_DATA,c_intercalary,,Yes/No,True,,
EVENTS_DATA,c_month,,Long,True,,
EVENTS_DATA,c_day,,Long,True,,
EVENTS_DATA,c_day_ganzhi,,Integer,True,,
EVENTS_DATA,c_addr_id,,Long,True,,
EVENTS_DATA,c_source,,Long,True,,
EVENTS_DATA,c_pages,,Text,True,,
EVENTS_DATA,c_event,,Memo,True,,
EVENTS_DATA,c_notes,,Text,True,,
EVENTS_DATA,c_created_by,,Text,True,,
EVENTS_DATA,c_modified_by,,Text,True,,
EVENTS_DATA,c_created_date,,Date/Time,True,,
EVENTS_DATA,c_modified_date,,Date/Time,True,,
EXTANT_CODES,c_extant_code,Primary Key,Integer,False,,
EXTANT_CODES,c_extant_desc,,Text,False,,
EXTANT_CODES,c_extant_desc_chn,,Text,False,,
ForeignKeys,AccessTblNm,Primary Key,Text,True,,
ForeignKeys,AccessFldNm,Primary Key,Text,True,,
ForeignKeys,ForeignKey,,Text,True,,
ForeignKeys,ForeignKeyBaseField,,Text,True,,
ForeignKeys,FKString,,Text,True,,
ForeignKeys,FKName,,Text,True,,
ForeignKeys,skip,,Integer,True,,
ForeignKeys,IndexOnField,,Text,True,,
ForeignKeys,DataFormat,,Text,True,,
ForeignKeys,NULL_allowed,,Yes/No,True,,
FormLabels,c_form,Primary Key,Text,True,,
FormLabels,c_label_id,Primary Key,Integer,True,,
FormLabels,c_english,,Text,True,,
FormLabels,c_jianti,,Text,True,,
FormLabels,c_fanti,,Text,True,,
GANZHI_CODES,c_ganzhi_code,Primary Key,Integer,False,,
GANZHI_CODES,c_ganzhi_chn,,Text,False,,
GANZHI_CODES,c_ganzhi_py,,Text,False,,
HOUSEHOLD_STATUS_CODES,c_household_status_code,Primary Key,Integer,False,,
HOUSEHOLD_STATUS_CODES,c_household_status_desc,,Text,False,,
HOUSEHOLD_STATUS_CODES,c_household_status_desc_chn,,Text,False,,
INDEXYEAR_TYPE_CODES,c_index_year_type_code,Primary Key,Text,False,,
INDEXYEAR_TYPE_CODES,c_index_year_type_desc,,Text,False,,
INDEXYEAR_TYPE_CODES,c_index_year_type_hz,,Text,False,,
INDEXYEAR_TYPE_CODES,c_notes,,Text,True,,
KIN_DATA,c_personid,Primary Key,Long,False,,
KIN_DATA,c_kin_id,Primary Key,Long,False,,
KIN_DATA,c_kin_code,Primary Key,Integer,False,,
KIN_DATA,c_source,,Long,True,,
KIN_DATA,c_pages,,Text,True,,
KIN_DATA,c_notes,,Memo,True,,
KIN_DATA,c_autogen_notes,,Memo,True,,
KIN_DATA,c_created_by,,Text,True,,
KIN_DATA,c_modified_by,,Text,True,,
KIN_DATA,c_created_date,,Date/Time,True,,
KIN_DATA,c_modified_date,,Date/Time,True,,
KIN_Mourning,c_kinrel,Primary Key,Text,True,,
KIN_Mourning,c_kinrel_alt,,Text,True,,
KIN_Mourning,c_kinrel_chn,,Text,True,,
KIN_Mourning,c_mourning,,Text,True,,
KIN_Mourning,c_mourning_chn,,Text,True,,
KIN_Mourning,c_kindist,,Text,True,,
KIN_Mourning,c_kintype,,Text,True,,
KIN_Mourning,c_kintype_desc,,Text,True,,
KIN_Mourning,c_kintype_desc_chn,,Text,True,,
KIN_Mourning,c_notes,,Text,True,,
KIN_MOURNING_STEPS,c_kinrel,Primary Key,Text,False,,
KIN_MOURNING_STEPS,c_upstep,,Integer,False,,
KIN_MOURNING_STEPS,c_dwnstep,,Integer,False,,
KIN_MOURNING_STEPS,c_marstep,,Integer,False,,
KIN_MOURNING_STEPS,c_colstep,,Integer,False,,
KINSHIP_CODES,c_kincode,Primary Key,Integer,False,,
KINSHIP_CODES,c_kin_pair1,,Integer,False,,
KINSHIP_CODES,c_kin_pair2,,Integer,False,,
KINSHIP_CODES,c_kin_pair_notes,,Text,True,,
KINSHIP_CODES,c_kinrel_chn,,Text,False,,
KINSHIP_CODES,c_kinrel,,Text,False,,
KINSHIP_CODES,c_kinrel_alt,,Text,True,,
KINSHIP_CODES,c_pick_sorting,,Integer,True,,
KINSHIP_CODES,c_upstep,,Integer,False,,
KINSHIP_CODES,c_dwnstep,,Integer,False,,
KINSHIP_CODES,c_marstep,,Integer,False,,
KINSHIP_CODES,c_colstep,,Integer,False,,
KINSHIP_CODES,c_kinrel_simplified,,Text,False,,
LITERARYGENRE_CODES,c_lit_genre_code,Primary Key,Integer,False,,
LITERARYGENRE_CODES,c_lit_genre_desc,,Text,False,,
LITERARYGENRE_CODES,c_lit_genre_desc_chn,,Text,True,,
LITERARYGENRE_CODES,c_sortorder,,Integer,False,,
MEASURE_CODES,c_measure_code,Primary Key,Integer,False,,
MEASURE_CODES,c_measure_desc,,Text,False,,
MEASURE_CODES,c_measure_desc_chn,,Text,False,,
MERGED_PERSON_DATA,c_personid,Primary Key,Long,False,,
MERGED_PERSON_DATA,c_merged_from_personid,Primary Key,Long,False,,
MERGED_PERSON_DATA,c_notes,,Memo,True,,
MERGED_PERSON_DATA,c_source,,Long,True,,
MERGED_PERSON_DATA,c_pages,,Text,True,,
MERGED_PERSON_DATA,c_created_by,,Text,True,,
MERGED_PERSON_DATA,c_modified_by,,Text,True,,
MERGED_PERSON_DATA,c_created_date,,Date/Time,True,,
MERGED_PERSON_DATA,c_modified_date,,Date/Time,True,,
NIAN_HAO,c_nianhao_id,Primary Key,Integer,True,,
NIAN_HAO,c_dy,,Integer,True,,
NIAN_HAO,c_dynasty_chn,,Text,True,,
NIAN_HAO,c_nianhao_chn,,Text,True,,
NIAN_HAO,c_nianhao_pin,,Text,True,,
NIAN_HAO,c_firstyear,,Integer,True,,
NIAN_HAO,c_lastyear,,Integer,True,,
OCCASION_CODES,c_occasion_code,Primary Key,Integer,False,,
OCCASION_CODES,c_occasion_desc,,Text,False,,
OCCASION_CODES,c_occasion_desc_chn,,Text,False,,
OCCASION_CODES,c_sortorder,,Integer,True,,
OFFICE_CATEGORIES,c_office_category_id,Primary Key,Integer,False,,
OFFICE_CATEGORIES,c_category_desc,,Text,False,,
OFFICE_CATEGORIES,c_category_desc_chn,,Text,False,,
OFFICE_CATEGORIES,c_notes,,Text,True,,
OFFICE_CODE_TYPE_REL,c_office_id,Primary Key,Long,False,,
OFFICE_CODE_TYPE_REL,c_office_tree_id,Primary Key,Text,False,,
OFFICE_CODES,c_office_id,Primary Key,Long,False,,
OFFICE_CODES,c_dy,,Integer,False,,
OFFICE_CODES,c_office_pinyin,,Text,False,,
OFFICE_CODES,c_office_chn,,Text,False,,
OFFICE_CODES,c_office_pinyin_alt,,Text,True,,
OFFICE_CODES,c_office_chn_alt,,Text,True,,
OFFICE_CODES,c_office_trans,,Text,True,,
OFFICE_CODES,c_office_trans_alt,,Text,True,,
OFFICE_CODES,c_source,,Long,True,,
OFFICE_CODES,c_pages,,Text,True,,
OFFICE_CODES,c_notes,,Memo,True,,
OFFICE_CODES,c_office_id_old,,Long,True,,
OFFICE_CODES_CONVERSION,c_office_id_backup,,Long,True,,
OFFICE_CODES_CONVERSION,c_office_chn_backup,,Text,True,,
OFFICE_CODES_CONVERSION,c_office_id,,Long,True,,
OFFICE_CODES_CONVERSION,c_office_chn,,Text,True,,
OFFICE_TYPE_TREE,c_office_type_node_id,Primary Key,Text,False,,
OFFICE_TYPE_TREE,c_office_type_desc,,Text,False,,
OFFICE_TYPE_TREE,c_office_type_desc_chn,,Text,False,,
OFFICE_TYPE_TREE,c_parent_id,,Text,True,,
OFFICE_TYPE_TREE_backup,c_office_type_node_id,Primary Key,Text,True,,
OFFICE_TYPE_TREE_backup,c_tts_node_id,,Text,True,,
OFFICE_TYPE_TREE_backup,c_office_type_desc,,Text,True,,
OFFICE_TYPE_TREE_backup,c_office_type_desc_chn,,Text,True,,
OFFICE_TYPE_TREE_backup,c_parent_id,,Text,True,,
PARENTAL_STATUS_CODES,c_parental_status_code,Primary Key,Integer,False,,
PARENTAL_STATUS_CODES,c_parental_status_desc,,Text,False,,
PARENTAL_STATUS_CODES,c_parental_status_desc_chn,,Text,False,,
Paste Errors,c_textid,,Long,True,,
Paste Errors,c_title_chn,,Text,True,,
Paste Errors,c_title,,Text,True,,
Paste Errors,c_title_trans,,Text,True,,
Paste Errors,c_text_type_id,,Text,True,,
Paste Errors,c_text_year,,Long,True,,
Paste Errors,c_text_nh_code,,Long,True,,
Paste Errors,c_text_nh_year,,Long,True,,
Paste Errors,c_text_range_code,,Long,True,,
Paste Errors,c_bibl_cat_code,,Long,True,,
Paste Errors,c_extant,,Long,True,,
Paste Errors,c_text_country,,Long,True,,
Paste Errors,c_text_dy,,Long,True,,
Paste Errors,c_source,,Long,True,,
Paste Errors,c_pages,,Text,True,,
Paste Errors,c_url_api,,Text,True,,
Paste Errors,c_url_api_coda,,Text,True,,
Paste Errors,c_url_homepage,,Text,True,,
Paste Errors,c_notes,,Memo,True,,
Paste Errors,c_title_alt_chn,,Text,True,,
Paste Errors,c_created_by,,Text,True,,
Paste Errors,c_modified_by,,Text,True,,
Paste Errors,c_created_date,,Date/Time,True,,
Paste Errors,c_modified_date,,Date/Time,True,,
POSSESSION_ACT_CODES,c_possession_act_code,Primary Key,Integer,False,,
POSSESSION_ACT_CODES,c_possession_act_desc,,Text,False,,
POSSESSION_ACT_CODES,c_possession_act_desc_chn,,Text,False,,
POSSESSION_ADDR,c_possession_record_id,Primary Key,Long,True,,
POSSESSION_ADDR,c_personid,Primary Key,Long,True,,
POSSESSION_ADDR,c_addr_id,Primary Key,Long,True,,
POSSESSION_DATA,c_personid,,Long,False,,
POSSESSION_DATA,c_possession_record_id,Primary Key,Long,False,,
POSSESSION_DATA,c_sequence,,Long,True,,
POSSESSION_DATA,c_possession_act_code,,Integer,False,,
POSSESSION_DATA,c_possession_desc,,Text,True,,
POSSESSION_DATA,c_possession_desc_chn,,Text,True,,
POSSESSION_DATA,c_quantity,,Text,True,,
POSSESSION_DATA,c_measure_code,,Integer,True,,
POSSESSION_DATA,c_possession_yr,,Integer,True,,
POSSESSION_DATA,c_possession_nh_code,,Integer,True,,
POSSESSION_DATA,c_possession_nh_yr,,Integer,True,,
POSSESSION_DATA,c_possession_yr_range,,Integer,True,,
POSSESSION_DATA,c_addr_id,,Long,True,,
POSSESSION_DATA,c_source,,Long,True,,
POSSESSION_DATA,c_pages,,Text,True,,
POSSESSION_DATA,c_notes,,Memo,True,,
POSSESSION_DATA,c_created_by,,Text,True,,
POSSESSION_DATA,c_modified_by,,Text,True,,
POSSESSION_DATA,c_created_date,,Date/Time,True,,
POSSESSION_DATA,c_modified_date,,Date/Time,True,,
POSTED_TO_ADDR_DATA,c_posting_id,Primary Key,Long,False,,
POSTED_TO_ADDR_DATA,c_personid,,Long,True,,
POSTED_TO_ADDR_DATA,c_office_id,Primary Key,Long,False,,
POSTED_TO_ADDR_DATA,c_addr_id,Primary Key,Long,False,,
POSTED_TO_ADDR_DATA,c_created_by,,Text,True,,
POSTED_TO_ADDR_DATA,c_modified_by,,Text,True,,
POSTED_TO_ADDR_DATA,c_created_date,,Date/Time,True,,
POSTED_TO_ADDR_DATA,c_modified_date,,Date/Time,True,,
POSTED_TO_OFFICE_DATA,c_personid,,Long,True,,
POSTED_TO_OFFICE_DATA,c_office_id,Primary Key,Long,False,,
POSTED_TO_OFFICE_DATA,c_posting_id,Primary Key,Long,False,,
POSTED_TO_OFFICE_DATA,c_posting_id_old,,Long,True,,
POSTED_TO_OFFICE_DATA,c_sequence,,Integer,True,,
POSTED_TO_OFFICE_DATA,c_firstyear,,Integer,True,,
POSTED_TO_OFFICE_DATA,c_fy_nh_code,,Integer,True,,
POSTED_TO_OFFICE_DATA,c_fy_nh_year,,Integer,True,,
POSTED_TO_OFFICE_DATA,c_fy_range,,Integer,True,,
POSTED_TO_OFFICE_DATA,c_lastyear,,Integer,True,,
POSTED_TO_OFFICE_DATA,c_ly_nh_code,,Integer,True,,
POSTED_TO_OFFICE_DATA,c_ly_nh_year,,Integer,True,,
POSTED_TO_OFFICE_DATA,c_ly_range,,Integer,True,,
POSTED_TO_OFFICE_DATA,c_appt_code,,Integer,False,,
POSTED_TO_OFFICE_DATA,c_assume_office_code,,Integer,True,,
POSTED_TO_OFFICE_DATA,c_inst_code,,Integer,True,,
POSTED_TO_OFFICE_DATA,c_inst_name_code,,Integer,True,,
POSTED_TO_OFFICE_DATA,c_source,,Long,True,,
POSTED_TO_OFFICE_DATA,c_pages,,Text,True,,
POSTED_TO_OFFICE_DATA,c_notes,,Memo,True,,
POSTED_TO_OFFICE_DATA,c_office_id_backup,,Long,True,,
POSTED_TO_OFFICE_DATA,c_office_category_id,,Integer,True,,
POSTED_TO_OFFICE_DATA,c_fy_intercalary,,Yes/No,True,,
POSTED_TO_OFFICE_DATA,c_fy_month,,Integer,True,,
POSTED_TO_OFFICE_DATA,c_ly_intercalary,,Yes/No,True,,
POSTED_TO_OFFICE_DATA,c_ly_month,,Integer,True,,
POSTED_TO_OFFICE_DATA,c_fy_day,,Integer,True,,
POSTED_TO_OFFICE_DATA,c_ly_day,,Long,True,,
POSTED_TO_OFFICE_DATA,c_fy_day_gz,,Integer,True,,
POSTED_TO_OFFICE_DATA,c_ly_day_gz,,Integer,True,,
POSTED_TO_OFFICE_DATA,c_dy,,Integer,True,,
POSTED_TO_OFFICE_DATA,c_created_by,,Text,True,,
POSTED_TO_OFFICE_DATA,c_modified_by,,Text,True,,
POSTED_TO_OFFICE_DATA,c_created_date,,Date/Time,True,,
POSTED_TO_OFFICE_DATA,c_modified_date,,Date/Time,True,,
POSTING_DATA,c_personid,,Long,False,,
POSTING_DATA,c_posting_id,Primary Key,Long,False,,
POSTING_DATA,c_posting_id_old,,Long,True,,
POSTING_DATA,c_created_by,,Text,True,,
POSTING_DATA,c_modified_by,,Text,True,,
POSTING_DATA,c_created_date,,Date/Time,True,,
POSTING_DATA,c_modified_date,,Date/Time,True,,
SCHOLARLYTOPIC_CODES,c_topic_code,Primary Key,Long,False,,
SCHOLARLYTOPIC_CODES,c_topic_desc,,Text,False,,
SCHOLARLYTOPIC_CODES,c_topic_desc_chn,,Text,False,,
SCHOLARLYTOPIC_CODES,c_topic_type_code,,Long,True,,
SCHOLARLYTOPIC_CODES,c_topic_type_desc,,Text,True,,
SCHOLARLYTOPIC_CODES,c_topic_type_desc_chn,,Text,True,,
SCHOLARLYTOPIC_CODES,c_sortorder,,Long,True,,
SOCIAL_INSTITUTION_ADDR,c_inst_name_code,Primary Key,Integer,False,,
SOCIAL_INSTITUTION_ADDR,c_inst_code,Primary Key,Integer,False,,
SOCIAL_INSTITUTION_ADDR,c_inst_addr_type_code,Primary Key,Integer,False,,
SOCIAL_INSTITUTION_ADDR,c_inst_addr_begin_year,,Integer,True,,
SOCIAL_INSTITUTION_ADDR,c_inst_addr_end_year,,Integer,True,,
SOCIAL_INSTITUTION_ADDR,c_inst_addr_id,Primary Key,Long,False,,
SOCIAL_INSTITUTION_ADDR,inst_xcoord,Primary Key,Double,False,,
SOCIAL_INSTITUTION_ADDR,inst_ycoord,Primary Key,Double,False,,
SOCIAL_INSTITUTION_ADDR,c_source,,Long,True,,
SOCIAL_INSTITUTION_ADDR,c_pages,,Text,True,,
SOCIAL_INSTITUTION_ADDR,c_notes,,Memo,True,,
SOCIAL_INSTITUTION_ADDR_TYPES,c_inst_addr_type_code,Primary Key,Integer,True,,
SOCIAL_INSTITUTION_ADDR_TYPES,c_inst_addr_type_desc,,Text,True,,
SOCIAL_INSTITUTION_ADDR_TYPES,c_inst_addr_type_chn,,Text,True,,
SOCIAL_INSTITUTION_ADDR_TYPES,c_notes,,Text,True,,
SOCIAL_INSTITUTION_ALTNAME_CODES,c_inst_altname_type,Primary Key,Integer,True,,
SOCIAL_INSTITUTION_ALTNAME_CODES,c_inst_altname_desc,,Text,True,,
SOCIAL_INSTITUTION_ALTNAME_CODES,c_inst_altname_chn,,Text,True,,
SOCIAL_INSTITUTION_ALTNAME_CODES,c_notes,,Text,True,,
SOCIAL_INSTITUTION_ALTNAME_DATA,c_inst_name_code,Primary Key,Integer,False,,
SOCIAL_INSTITUTION_ALTNAME_DATA,c_inst_code,Primary Key,Integer,False,,
SOCIAL_INSTITUTION_ALTNAME_DATA,c_inst_altname_type,Primary Key,Integer,False,,
SOCIAL_INSTITUTION_ALTNAME_DATA,c_inst_altname_hz,Primary Key,Text,False,,
SOCIAL_INSTITUTION_ALTNAME_DATA,c_inst_altname_py,,Text,True,,
SOCIAL_INSTITUTION_ALTNAME_DATA,c_source,,Long,True,,
SOCIAL_INSTITUTION_ALTNAME_DATA,c_pages,,Text,True,,
SOCIAL_INSTITUTION_ALTNAME_DATA,c_notes,,Memo,True,,
SOCIAL_INSTITUTION_CODES,c_inst_name_code,Primary Key,Integer,False,,
SOCIAL_INSTITUTION_CODES,c_inst_code,Primary Key,Integer,False,,
SOCIAL_INSTITUTION_CODES,c_inst_type_code,,Integer,False,,
SOCIAL_INSTITUTION_CODES,c_inst_begin_year,,Integer,True,,
SOCIAL_INSTITUTION_CODES,c_by_nianhao_code,,Integer,True,,
SOCIAL_INSTITUTION_CODES,c_by_nianhao_year,,Integer,True,,
SOCIAL_INSTITUTION_CODES,c_by_year_range,,Integer,True,,
SOCIAL_INSTITUTION_CODES,c_inst_begin_dy,,Integer,True,,
SOCIAL_INSTITUTION_CODES,c_inst_floruit_dy,,Integer,True,,
SOCIAL_INSTITUTION_CODES,c_inst_first_known_year,,Integer,True,,
SOCIAL_INSTITUTION_CODES,c_inst_end_year,,Integer,True,,
SOCIAL_INSTITUTION_CODES,c_ey_nianhao_code,,Integer,True,,
SOCIAL_INSTITUTION_CODES,c_ey_nianhao_year,,Integer,True,,
SOCIAL_INSTITUTION_CODES,c_ey_year_range,,Integer,True,,
SOCIAL_INSTITUTION_CODES,c_inst_end_dy,,Integer,True,,
SOCIAL_INSTITUTION_CODES,c_inst_last_known_year,,Integer,True,,
SOCIAL_INSTITUTION_CODES,c_source,,Long,True,,
SOCIAL_INSTITUTION_CODES,c_pages,,Text,True,,
SOCIAL_INSTITUTION_CODES,c_notes,,Memo,True,,
SOCIAL_INSTITUTION_CODES_CONVERSION,c_inst_name_code,Primary Key,Integer,True,,
SOCIAL_INSTITUTION_CODES_CONVERSION,c_inst_code,Primary Key,Long,True,,
SOCIAL_INSTITUTION_CODES_CONVERSION,c_inst_code_new,,Integer,True,,
SOCIAL_INSTITUTION_CODES_CONVERSION,c_new_new_code,,Long,True,,
SOCIAL_INSTITUTION_NAME_CODES,c_inst_name_code,Primary Key,Integer,False,,
SOCIAL_INSTITUTION_NAME_CODES,c_inst_name_hz,,Text,False,,
SOCIAL_INSTITUTION_NAME_CODES,c_inst_name_py,,Text,False,,
SOCIAL_INSTITUTION_TYPES,c_inst_type_code,Primary Key,Integer,False,,
SOCIAL_INSTITUTION_TYPES,c_inst_type_py,,Text,False,,
SOCIAL_INSTITUTION_TYPES,c_inst_type_hz,,Text,False,,
STATUS_CODE_TYPE_REL,c_status_code,Primary Key,Integer,True,,
STATUS_CODE_TYPE_REL,c_status_type_code,Primary Key,Text,True,,
STATUS_CODES,c_status_code,Primary Key,Integer,False,,
STATUS_CODES,c_status_desc,,Text,False,,
STATUS_CODES,c_status_desc_chn,,Text,False,,
STATUS_DATA,c_personid,Primary Key,Long,False,,
STATUS_DATA,c_sequence,Primary Key,Long,False,,
STATUS_DATA,c_status_code,Primary Key,Integer,False,,
STATUS_DATA,c_firstyear,,Integer,True,,
STATUS_DATA,c_fy_nh_code,,Integer,True,,
STATUS_DATA,c_fy_nh_year,,Integer,True,,
STATUS_DATA,c_fy_range,,Integer,True,,
STATUS_DATA,c_lastyear,,Integer,True,,
STATUS_DATA,c_ly_nh_code,,Integer,True,,
STATUS_DATA,c_ly_nh_year,,Integer,True,,
STATUS_DATA,c_ly_range,,Integer,True,,
STATUS_DATA,c_supplement,,Text,True,,
STATUS_DATA,c_source,,Long,True,,
STATUS_DATA,c_pages,,Text,True,,
STATUS_DATA,c_notes,,Memo,True,,
STATUS_DATA,c_created_by,,Text,True,,
STATUS_DATA,c_modified_by,,Text,True,,
STATUS_DATA,c_created_date,,Date/Time,True,,
STATUS_DATA,c_modified_date,,Date/Time,True,,
STATUS_TYPES,c_status_type_code,Primary Key,Text,False,,
STATUS_TYPES,c_status_type_desc,,Text,False,,
STATUS_TYPES,c_status_type_chn,,Text,False,,
STATUS_TYPES,c_status_type_parent_code,,Text,True,,
TablesFields,RowNum,,Long,True,,
TablesFields,DumpTblNm,,Text,True,,
TablesFields,DumpFldNm,,Text,True,,
TablesFields,AccessTblNm,Primary Key,Text,False,,
TablesFields,AccessFldNm,Primary Key,Text,False,,
TablesFields,IndexOnField,,Text,True,,
TablesFields,DataFormat,,Text,True,,
TablesFields,NULL_allowed,,Yes/No,True,,
TablesFields,ForeignKey,,Text,True,,
TablesFields,ForeignKeyBaseField,,Text,True,,
TablesFieldsChanges,TableName,Primary Key,Text,True,,
TablesFieldsChanges,FieldName,Primary Key,Text,True,,
TablesFieldsChanges,Change,Primary Key,Text,True,,
TablesFieldsChanges,ChangeDate,,Text,True,,
TablesFieldsChanges,ChangeNotes,,Text,True,,
TEXT_BIBLCAT_CODE_TYPE_REL,c_text_cat_code,Primary Key,Integer,True,,
TEXT_BIBLCAT_CODE_TYPE_REL,c_text_cat_type_id,Primary Key,Text,True,,
TEXT_BIBLCAT_CODES,c_text_cat_code,Primary Key,Integer,False,,
TEXT_BIBLCAT_CODES,c_text_cat_desc,,Text,False,,
TEXT_BIBLCAT_CODES,c_text_cat_desc_chn,,Text,False,,
TEXT_BIBLCAT_CODES,c_text_cat_pinyin,,Text,False,,
TEXT_BIBLCAT_CODES,c_text_cat_parent_id,,Text,True,,
TEXT_BIBLCAT_CODES,c_text_cat_level,,Text,True,,
TEXT_BIBLCAT_CODES,c_text_cat_sortorder,,Integer,True,,
TEXT_BIBLCAT_TYPES,c_text_cat_type_id,Primary Key,Text,True,,
TEXT_BIBLCAT_TYPES,c_text_cat_type_desc,,Text,True,,
TEXT_BIBLCAT_TYPES,c_text_cat_type_desc_chn,,Text,True,,
TEXT_BIBLCAT_TYPES,c_text_cat_type_parent_id,,Text,True,,
TEXT_BIBLCAT_TYPES,c_text_cat_type_level,,Integer,True,,
TEXT_BIBLCAT_TYPES,c_text_cat_type_sortorder,,Integer,True,,
TEXT_CODES,c_textid,Primary Key,Long,False,,
TEXT_CODES,c_title_chn,,Text,False,,
TEXT_CODES,c_suffix_version,,Text,True,,
TEXT_CODES,c_title,,Text,True,,
TEXT_CODES,c_title_trans,,Text,True,,
TEXT_CODES,c_text_type_id,,Text,True,,
TEXT_CODES,c_text_year,,Integer,True,,
TEXT_CODES,c_text_nh_code,,Integer,True,,
TEXT_CODES,c_text_nh_year,,Integer,True,,
TEXT_CODES,c_text_range_code,,Integer,True,,
TEXT_CODES,c_period,,Text,True,,
TEXT_CODES,c_bibl_cat_code,,Integer,True,,
TEXT_CODES,c_extant,,Integer,True,,
TEXT_CODES,c_text_country,,Integer,True,,
TEXT_CODES,c_text_dy,,Integer,True,,
TEXT_CODES,c_source,,Long,True,,
TEXT_CODES,c_pages,,Text,True,,
TEXT_CODES,c_url_api,,Text,True,,
TEXT_CODES,c_url_api_coda,,Text,True,,
TEXT_CODES,c_url_homepage,,Text,True,,
TEXT_CODES,c_notes,,Memo,True,,
TEXT_CODES,c_number,,Text,True,,
TEXT_CODES,c_counter,,Text,True,,
TEXT_CODES,c_title_alt_chn,,Text,True,,
TEXT_CODES,c_created_by,,Text,True,,
TEXT_CODES,c_modified_by,,Text,True,,
TEXT_CODES,c_created_date,,Date/Time,True,,
TEXT_CODES,c_modified_date,,Date/Time,True,,
TEXT_INSTANCE_DATA,c_textid,Primary Key,Long,False,,
TEXT_INSTANCE_DATA,c_text_edition_id,Primary Key,Integer,False,,
TEXT_INSTANCE_DATA,c_text_instance_id,Primary Key,Integer,False,,
TEXT_INSTANCE_DATA,c_instance_title_chn,,Text,True,,
TEXT_INSTANCE_DATA,c_instance_title,,Text,True,,
TEXT_INSTANCE_DATA,c_instance_title_trans,,Text,True,,
TEXT_INSTANCE_DATA,c_part_of_instance,,Long,True,,
TEXT_INSTANCE_DATA,c_part_of_instance_notes,,Text,True,,
TEXT_INSTANCE_DATA,c_pub_country,,Integer,True,,
TEXT_INSTANCE_DATA,c_pub_dy,,Integer,True,,
TEXT_INSTANCE_DATA,c_pub_year,,Integer,True,,
TEXT_INSTANCE_DATA,c_pub_nh_code,,Integer,True,,
TEXT_INSTANCE_DATA,c_pub_nh_year,,Long,True,,
TEXT_INSTANCE_DATA,c_pub_range_code,,Integer,True,,
TEXT_INSTANCE_DATA,c_pub_loc,,Text,True,,
TEXT_INSTANCE_DATA,c_publisher,,Text,True,,
TEXT_INSTANCE_DATA,c_print,,Text,True,,
TEXT_INSTANCE_DATA,c_pub_notes,,Text,True,,
TEXT_INSTANCE_DATA,c_source,,Long,True,,
TEXT_INSTANCE_DATA,c_pages,,Text,True,,
TEXT_INSTANCE_DATA,c_extant,,Integer,True,,
TEXT_INSTANCE_DATA,c_url_api,,Text,True,,
TEXT_INSTANCE_DATA,c_url_homepage,,Text,True,,
TEXT_INSTANCE_DATA,c_notes,,Memo,True,,
TEXT_INSTANCE_DATA,c_number,,Text,True,,
TEXT_INSTANCE_DATA,c_counter,,Text,True,,
TEXT_INSTANCE_DATA,c_title_alt_chn,,Text,True,,
TEXT_INSTANCE_DATA,c_created_by,,Text,True,,
TEXT_INSTANCE_DATA,c_modified_by,,Text,True,,
TEXT_INSTANCE_DATA,c_created_date,,Date/Time,True,,
TEXT_INSTANCE_DATA,c_modified_date,,Date/Time,True,,
TEXT_ROLE_CODES,c_role_id,Primary Key,Integer,False,,
TEXT_ROLE_CODES,c_role_desc,,Text,False,,
TEXT_ROLE_CODES,c_role_desc_chn,,Text,False,,
TEXT_TYPE,c_text_type_code,Primary Key,Text,False,,
TEXT_TYPE,c_text_type_desc,,Text,False,,
TEXT_TYPE,c_text_type_desc_chn,,Text,False,,
TEXT_TYPE,c_text_type_parent_id,,Text,True,,
TEXT_TYPE,c_text_type_level,,Integer,False,,
TEXT_TYPE,c_text_type_sortorder,,Integer,True,,
TMP_ADDR_A,c_addr_id,,Long,True,,
TMP_ADDR_A,c_name,,Text,True,,
TMP_ADDR_A,c_name_chn,,Text,True,,
TMP_ADDR_A,c_firstyear,,Integer,True,,
TMP_ADDR_A,c_lastyear,,Integer,True,,
TMP_ADDR_A,c_admin_type,,Text,True,,
TMP_ADDR_A,x_coord,,Double,True,,
TMP_ADDR_A,y_coord,,Double,True,,
TMP_ADDR_A,c_belongs_to,,Long,True,,
TMP_ADDR_A,c_belongs_first_year,,Integer,True,,
TMP_ADDR_A,c_belongs_last_year,,Integer,True,,
TMP_ADDR_A,c_belongs_unit_first_year,,Long,True,,
TMP_ADDR_A,c_belongs_unit_last_year,,Long,True,,
TMP_ADDR_A,c_delete,,Long,True,,
TMP_ADDR_B,c_addr_id,,Long,True,,
TMP_ADDR_B,c_name,,Text,True,,
TMP_ADDR_B,c_name_chn,,Text,True,,
TMP_ADDR_B,c_firstyear,,Integer,True,,
TMP_ADDR_B,c_lastyear,,Integer,True,,
TMP_ADDR_B,c_admin_type,,Text,True,,
TMP_ADDR_B,x_coord,,Double,True,,
TMP_ADDR_B,y_coord,,Double,True,,
TMP_ADDR_B,c_belongs_to,,Long,True,,
TMP_ADDR_B,c_belongs_name,,Text,True,,
TMP_ADDR_B,c_belongs_chn,,Text,True,,
TMP_ADDR_B,c_belongs_first_year,,Integer,True,,
TMP_ADDR_B,c_belongs_last_year,,Integer,True,,
TMP_ADDR_B,c_del,,Long,True,,
TMP_ADDR_BELONGS,c_addr_id,,Long,True,,
TMP_ADDR_BELONGS,c_name,,Text,True,,
TMP_ADDR_BELONGS,c_name_chn,,Text,True,,
TMP_ADDR_BELONGS,c_admin_type,,Text,True,,
TMP_ADDR_BELONGS,c_firstyear,,Integer,True,,
TMP_ADDR_BELONGS,c_lastyear,,Integer,True,,
TMP_ADDR_BELONGS,x_coord,,Double,True,,
TMP_ADDR_BELONGS,y_coord,,Double,True,,
TMP_ADDR_BELONGS,belongs_to_ID,,Long,True,,
TMP_ADDR_BELONGS,belongs_to_py,,Text,True,,
TMP_ADDR_BELONGS,belongs_to_chn,,Text,True,,
TMP_ADDR_C,c_addr_id,,Long,True,,
TMP_ADDR_C,c_name,,Text,True,,
TMP_ADDR_C,c_name_chn,,Text,True,,
TMP_ADDR_C,c_firstyear,,Integer,True,,
TMP_ADDR_C,c_lastyear,,Integer,True,,
TMP_ADDR_C,c_admin_type,,Text,True,,
TMP_ADDR_C,x_coord,,Double,True,,
TMP_ADDR_C,y_coord,,Double,True,,
TMP_ADDR_C,Max_c_belongs_last_year,,Integer,True,,
TMP_ADDR_C,Min_c_belongs_first_year,,Integer,True,,
TMP_ADDR_D,c_addr_id,,Long,True,,
TMP_ADDR_D,c_addr_cbd,,Text,True,,
TMP_ADDR_D,c_name,,Text,True,,
TMP_ADDR_D,c_name_chn,,Text,True,,
TMP_ADDR_D,c_admin_type,,Text,True,,
TMP_ADDR_D,c_firstyear,,Integer,True,,
TMP_ADDR_D,c_lastyear,,Integer,True,,
TMP_ADDR_D,x_coord,,Double,True,,
TMP_ADDR_D,y_coord,,Double,True,,
TMP_ADDR_D,belongs_first_year,,Integer,True,,
TMP_ADDR_D,belongs_last_year,,Integer,True,,
TMP_ADDR_D,belongs1_ID,,Long,True,,
TMP_ADDR_D,belongs1_Name,,Text,True,,
TMP_ADDR_D,belongs1_Name_chn,,Text,True,,
TMP_ADDR_D,belongs1_first_year,,Integer,True,,
TMP_ADDR_D,belongs1_last_year,,Integer,True,,
TMP_ADDR_D,belongs2_ID,,Long,True,,
TMP_ADDR_D,belongs2_Name,,Text,True,,
TMP_ADDR_D,belongs2_Name_chn,,Text,True,,
TMP_ADDR_D,belongs2_first_year,,Integer,True,,
TMP_ADDR_D,belongs2_last_year,,Integer,True,,
TMP_ADDR_D,belongs3_ID,,Long,True,,
TMP_ADDR_D,belongs3_Name,,Text,True,,
TMP_ADDR_D,belongs3_Name_chn,,Text,True,,
TMP_ADDR_D,belongs3_first_year,,Integer,True,,
TMP_ADDR_D,belongs3_last_year,,Integer,True,,
TMP_ADDR_D,belongs4_ID,,Long,True,,
TMP_ADDR_D,belongs4_Name,,Text,True,,
TMP_ADDR_D,belongs4_Name_chn,,Text,True,,
TMP_ADDR_D,belongs4_first_year,,Integer,True,,
TMP_ADDR_D,belongs4_last_year,,Integer,True,,
TMP_ADDR_D,belongs5_ID,,Long,True,,
TMP_ADDR_D,belongs5_Name,,Text,True,,
TMP_ADDR_D,belongs5_Name_chn,,Text,True,,
TMP_ADDR_D,belongs5_first_year,,Integer,True,,
TMP_ADDR_D,belongs5_last_year,,Integer,True,,
TMP_ADDR_D,c_delete,,Integer,True,,
TMP_ADDR_E,c_addr_id,,Long,True,,
TMP_ADDR_E,c_addr_cbd,,Text,True,,
TMP_ADDR_E,c_name,,Text,True,,
TMP_ADDR_E,c_name_chn,,Text,True,,
TMP_ADDR_E,c_admin_type,,Text,True,,
TMP_ADDR_E,c_firstyear,,Integer,True,,
TMP_ADDR_E,c_lastyear,,Integer,True,,
TMP_ADDR_E,x_coord,,Double,True,,
TMP_ADDR_E,y_coord,,Double,True,,
TMP_ADDR_E,belongs_first_year,,Integer,True,,
TMP_ADDR_E,belongs_last_year,,Integer,True,,
TMP_ADDR_E,belongs1_ID,,Long,True,,
TMP_ADDR_E,belongs1_Name,,Text,True,,
TMP_ADDR_E,belongs1_Name_chn,,Text,True,,
TMP_ADDR_E,belongs1_first_year,,Integer,True,,
TMP_ADDR_E,belongs1_last_year,,Integer,True,,
TMP_ADDR_E,belongs2_ID,,Long,True,,
TMP_ADDR_E,belongs2_Name,,Text,True,,
TMP_ADDR_E,belongs2_Name_chn,,Text,True,,
TMP_ADDR_E,belongs2_first_year,,Integer,True,,
TMP_ADDR_E,belongs2_last_year,,Integer,True,,
TMP_ADDR_E,belongs3_ID,,Long,True,,
TMP_ADDR_E,belongs3_Name,,Text,True,,
TMP_ADDR_E,belongs3_Name_chn,,Text,True,,
TMP_ADDR_E,belongs3_first_year,,Integer,True,,
TMP_ADDR_E,belongs3_last_year,,Integer,True,,
TMP_ADDR_E,belongs4_ID,,Long,True,,
TMP_ADDR_E,belongs4_Name,,Text,True,,
TMP_ADDR_E,belongs4_Name_chn,,Text,True,,
TMP_ADDR_E,belongs4_first_year,,Integer,True,,
TMP_ADDR_E,belongs4_last_year,,Integer,True,,
TMP_ADDR_E,belongs5_ID,,Long,True,,
TMP_ADDR_E,belongs5_Name,,Text,True,,
TMP_ADDR_E,belongs5_Name_chn,,Text,True,,
TMP_ADDR_E,belongs5_first_year,,Integer,True,,
TMP_ADDR_E,belongs5_last_year,,Integer,True,,
TMP_ADDR_E,c_delete,,Integer,True,,
TMP_BELONGS_TO,c_belongs_to,,Long,True,,
TMP_BELONGS_TO,c_addr_id,,Long,True,,
TMP_BELONGS_TO,c_name_chn,,Text,True,,
TMP_BELONGS_TO,c_firstyear,,Integer,True,,
TMP_DISTANCE_DATA,c_personid,,Long,False,,
TMP_DISTANCE_DATA,c_assoc_id,,Long,False,,
TMP_DISTANCE_DATA,x_coord,,Double,True,,
TMP_DISTANCE_DATA,y_coord,,Double,True,,
TMP_DISTANCE_DATA,assoc_xcoord,,Double,True,,
TMP_DISTANCE_DATA,assoc_ycoord,,Double,True,,
TMP_DISTANCE_DATA,c_t_dist,,Double,True,,
TMP_DISTANCE_DATA,c_distance,,Double,True,,
TMP_INDEX_YEAR,c_personid,Primary Key,Long,False,,
TMP_INDEX_YEAR,c_index_year,,Integer,True,,
TMP_INDEX_YEAR,c_index_year_source_id,,Long,True,,
YEAR_RANGE_CODES,c_range_code,Primary Key,Integer,False,,
YEAR_RANGE_CODES,c_range,,Text,False,,
YEAR_RANGE_CODES,c_range_chn,,Text,False,,
YEAR_RANGE_CODES,c_approx,,Text,True,,
YEAR_RANGE_CODES,c_approx_chn,,Text,True,,
ZZZ_ADDRESSES,c_addr_id,,Long,True,,
ZZZ_ADDRESSES,c_name,,Text,True,,
ZZZ_ADDRESSES,c_name_chn,,Text,True,,
ZZZ_ADDRESSES,c_admin_type,,Text,True,,
ZZZ_ADDRESSES,c_firstyear,,Integer,True,,
ZZZ_ADDRESSES,c_lastyear,,Integer,True,,
ZZZ_ADDRESSES,c_belongs_firstyear,,Integer,True,,
ZZZ_ADDRESSES,c_belongs_lastyear,,Integer,True,,
ZZZ_ADDRESSES,x_coord,,Double,True,,
ZZZ_ADDRESSES,y_coord,,Double,True,,
ZZZ_ADDRESSES,belongs1_ID,,Long,True,,
ZZZ_ADDRESSES,belongs1_Name,,Text,True,,
ZZZ_ADDRESSES,belongs1_Name_chn,,Text,True,,
ZZZ_ADDRESSES,belongs2_ID,,Long,True,,
ZZZ_ADDRESSES,belongs2_Name,,Text,True,,
ZZZ_ADDRESSES,belongs2_Name_chn,,Text,True,,
ZZZ_ADDRESSES,belongs3_ID,,Long,True,,
ZZZ_ADDRESSES,belongs3_Name,,Text,True,,
ZZZ_ADDRESSES,belongs3_Name_chn,,Text,True,,
ZZZ_ADDRESSES,belongs4_ID,,Long,True,,
ZZZ_ADDRESSES,belongs4_Name,,Text,True,,
ZZZ_ADDRESSES,belongs4_Name_chn,,Text,True,,
ZZZ_ADDRESSES,belongs5_ID,,Long,True,,
ZZZ_ADDRESSES,belongs5_Name,,Text,True,,
ZZZ_ADDRESSES,belongs5_Name_chn,,Text,True,,
ZZZ_BELONGS_TO,c_belongs_to,Primary Key,Long,False,,
ZZZ_BELONGS_TO,c_addr_id,Primary Key,Long,False,,
ZZZ_BELONGS_TO,c_firstyear,Primary Key,Integer,False,,
ZZZ_BELONGS_TO,c_lastyear,Primary Key,Integer,False,,
ZZZ_DISTANCE_DATA,c_personid,Primary Key,Long,False,,
ZZZ_DISTANCE_DATA,c_assoc_id,Primary Key,Long,False,,
ZZZ_DISTANCE_DATA,c_distance,,Double,False,,
ZZZ_DY_DATA,c_personid,,Long,False,,
ZZZ_DY_DATA,c_dy,,Integer,False,,
ZZZ_NAMES,c_personid,,Long,True,,
ZZZ_NAMES,c_name,,Text,True,,
ZZZ_NAMES,c_name_chn,,Text,True,,
